cid,isosmiles,canonicalsmiles
50997002,[2H]C1=C(C(=C(N=C1[2H])[2H])C2=NC(=NC=C2)NC3=C(C(=C(C(=C3[2H])C(=O)NC4=CC(=CC(=C4)C(F)(F)F)N5C=C(N=C5)C([2H])([2H])[2H])[2H])[2H])C([2H])([2H])[2H])[2H],CC1=C(C=C(C=C1)C(=O)NC2=CC(=CC(=C2)C(F)(F)F)N3C=C(N=C3)C)NC4=NC=CC(=N4)C5=CN=CC=C5
56961508,CC1=C(C=C(C=C1)C(=O)NC2=CC(=CC(=C2)C(F)(F)F)N3C=C(N=C3)C)N(C4=NC=CC(=N4)C5=CN=CC=C5)C(=O)OC(C)(C)C,CC1=C(C=C(C=C1)C(=O)NC2=CC(=CC(=C2)C(F)(F)F)N3C=C(N=C3)C)N(C4=NC=CC(=N4)C5=CN=CC=C5)C(=O)OC(C)(C)C
50996297,[2H]C1=C(C(=C(N=C1[2H])[2H])C2=NC(=NC(=C2[2H])[2H])NC3=C(C=CC(=C3)C(=O)NC4=CC(=CC(=C4)C(F)(F)F)N5C=C(N=C5)C)C([2H])([2H])[2H])[2H],CC1=C(C=C(C=C1)C(=O)NC2=CC(=CC(=C2)C(F)(F)F)N3C=C(N=C3)C)NC4=NC=CC(=N4)C5=CN=CC=C5
118516409,CC1=C(C=C(C=C1)C(=O)NC2=CC(=CC=C2)N3C=CN=C3)NC4=NC=CC(=N4)C5=CN=CC=C5,CC1=C(C=C(C=C1)C(=O)NC2=CC(=CC=C2)N3C=CN=C3)NC4=NC=CC(=N4)C5=CN=CC=C5
149258337,CC1=C(C=C(C=C1)C(=O)NC2=CC(=CC(=C2)C(F)(F)F)N3C=C(N=C3)C)NC4=NC=CC(=N4)C5=CCCN=C5,CC1=C(C=C(C=C1)C(=O)NC2=CC(=CC(=C2)C(F)(F)F)N3C=C(N=C3)C)NC4=NC=CC(=N4)C5=CCCN=C5
50996827,[2H]C1=C(C(=C(N=C1[2H])[2H])C2=NC(=NC=C2)NC3=C(C(=C(C(=C3[2H])C(=O)NC4=CC(=CC(=C4)C(F)(F)F)N5C(=C(N=C5[2H])C)[2H])[2H])[2H])C([2H])([2H])[2H])[2H],CC1=C(C=C(C=C1)C(=O)NC2=CC(=CC(=C2)C(F)(F)F)N3C=C(N=C3)C)NC4=NC=CC(=N4)C5=CN=CC=C5
78426686,[2H]C1=C(C(=C(N=C1[2H])[2H])C2=NC(=NC(=C2[2H])[2H])NC3=C(C=CC(=C3)C(=O)NC4=CC(=CC(=C4)C(F)(F)F)N5C(=C(N=C5[2H])C)[2H])C)[2H],CC1=C(C=C(C=C1)C(=O)NC2=CC(=CC(=C2)C(F)(F)F)N3C=C(N=C3)C)NC4=NC=CC(=N4)C5=CN=CC=C5
50996645,[2H]C1=C(C(=C(C(=C1C(=O)NC2=C(C(=C(C(=C2[2H])C(F)(F)F)[2H])N3C=C(N=C3)C([2H])([2H])[2H])[2H])[2H])NC4=NC(=C(C(=N4)C5=CN=CC=C5)[2H])[2H])C([2H])([2H])[2H])[2H],CC1=C(C=C(C=C1)C(=O)NC2=CC(=CC(=C2)C(F)(F)F)N3C=C(N=C3)C)NC4=NC=CC(=N4)C5=CN=CC=C5
134515558,CC1=C(C=C(C=C1)C(=O)NC2=CC(=CC(=C2)C(F)(F)F)N3C=C(N=C3)C)NC4=NC=CC(=N4)C5=CC#CN=C5,CC1=C(C=C(C=C1)C(=O)NC2=CC(=CC(=C2)C(F)(F)F)N3C=C(N=C3)C)NC4=NC=CC(=N4)C5=CC#CN=C5
11432537,CC1=C(C=C(C=C1)C(=O)NC2=CC(=CC(=C2)C(F)(F)F)N3C=CN=C3C)NC4=NC=CC(=N4)C5=CN=CC=C5,CC1=C(C=C(C=C1)C(=O)NC2=CC(=CC(=C2)C(F)(F)F)N3C=CN=C3C)NC4=NC=CC(=N4)C5=CN=CC=C5
146258605,C1COCCC1CNC2=C(C=C(C=C2)SNC(=O)C3=C(C=C(C=C3)N4CCN(CC4)CC5=C(CC6(CC5)COC6)C7=CC=C(C=C7)Cl)OC8=CN=C9C(=C8)C=CN9)[N+](=O)[O-],C1COCCC1CNC2=C(C=C(C=C2)SNC(=O)C3=C(C=C(C=C3)N4CCN(CC4)CC5=C(CC6(CC5)COC6)C7=CC=C(C=C7)Cl)OC8=CN=C9C(=C8)C=CN9)[N+](=O)[O-]
134231313,C1CC2(C1)CCC(=C(C2)C3=CC=C(C=C3)Cl)CN4CCN(CC4)C5=CC(=C(C=C5)C(=O)NS(=O)(=O)C6=C(C(=C(C=C6)NCC7COCCO7)[N+](=O)[O-])F)OC8=CN=C9C(=C8)C=CN9,C1CC2(C1)CCC(=C(C2)C3=CC=C(C=C3)Cl)CN4CCN(CC4)C5=CC(=C(C=C5)C(=O)NS(=O)(=O)C6=C(C(=C(C=C6)NCC7COCCO7)[N+](=O)[O-])F)OC8=CN=C9C(=C8)C=CN9
165172308,CC1=CC[C@@H]2C[C@H]1[C@@H](N(C2)CC3CCN(CC3)C4=CC(=C(C=C4)C(=O)NS(=O)(=O)C5=CC(=C(C=C5)NCC6CCOCC6)[N+](=O)[O-])OC7=CN=C8C(=C7)C=CN8)C9=CC=C(C=C9)Cl,CC1=CCC2CC1C(N(C2)CC3CCN(CC3)C4=CC(=C(C=C4)C(=O)NS(=O)(=O)C5=CC(=C(C=C5)NCC6CCOCC6)[N+](=O)[O-])OC7=CN=C8C(=C7)C=CN8)C9=CC=C(C=C9)Cl
142622529,CC1(CCC(=C(C1)C23CC(C2)(C3)Cl)CN4CCN(CC4)C5=CC(=C(C=C5)C(=O)NS(=O)(=O)C6=C=C=C(C(=C6)[N+](=O)[O-])NCC7CC8(C7)CCOCC8)OC9=CN=C1C(=C9)C=CN1)C,CC1(CCC(=C(C1)C23CC(C2)(C3)Cl)CN4CCN(CC4)C5=CC(=C(C=C5)C(=O)NS(=O)(=O)C6=C=C=C(C(=C6)[N+](=O)[O-])NCC7CC8(C7)CCOCC8)OC9=CN=C1C(=C9)C=CN1)C
146492150,CC1(CCC(=C(C1)C2=CC=C(C=C2)Cl)CN3CCN(CC3)C4=CC(=C(C=C4)C(=O)NS(=O)(=O)C5=CC(=C6C(=C5)OC[C@H](N6)COC)[N+](=O)[O-])OC7=CN=C8C(=C7)C=CN8)C,CC1(CCC(=C(C1)C2=CC=C(C=C2)Cl)CN3CCN(CC3)C4=CC(=C(C=C4)C(=O)NS(=O)(=O)C5=CC(=C6C(=C5)OCC(N6)COC)[N+](=O)[O-])OC7=CN=C8C(=C7)C=CN8)C
146248790,CC1(CCC(=C(C1)C2=CC=C(C=C2)Cl)CN3CCN(CC3)C4=CC(=C(C=C4)C(=O)NS(=O)(=O)C5=CC(=C(C=C5)NCC6CCS(=NC#N)(=O)CC6)[N+](=O)[O-])OC7=CN=C8C(=C7)C=CN8)C,CC1(CCC(=C(C1)C2=CC=C(C=C2)Cl)CN3CCN(CC3)C4=CC(=C(C=C4)C(=O)NS(=O)(=O)C5=CC(=C(C=C5)NCC6CCS(=NC#N)(=O)CC6)[N+](=O)[O-])OC7=CN=C8C(=C7)C=CN8)C
146458345,[2H]C([2H])(C1CCOCC1)NC2=C(C=C(C=C2)S(=O)(=O)NC(=O)C3=C(C=C(C=C3)N4CCN(CC4)CC5=C(CC(CC5)(C)C)C6=CC=C(C=C6)Cl)OC7=CN=C8C(=C7)C=CN8)[N+](=O)[O-],CC1(CCC(=C(C1)C2=CC=C(C=C2)Cl)CN3CCN(CC3)C4=CC(=C(C=C4)C(=O)NS(=O)(=O)C5=CC(=C(C=C5)NCC6CCOCC6)[N+](=O)[O-])OC7=CN=C8C(=C7)C=CN8)C
156308137,CC1(CCC(=C[C@@H](C1)C2=CC=C(C=C2)Cl)CN3CCN(CC3)C4=CC(=C(C=C4)C(=O)NS(=O)(=O)C5=CC(=C(C=C5)NCC6CCCCC6)N(O)O)OC7=CN=C8C(=C7)C=CN8)C,CC1(CCC(=CC(C1)C2=CC=C(C=C2)Cl)CN3CCN(CC3)C4=CC(=C(C=C4)C(=O)NS(=O)(=O)C5=CC(=C(C=C5)NCC6CCCCC6)N(O)O)OC7=CN=C8C(=C7)C=CN8)C
137356468,C1CC2(C1)CCC(=C(C2)C3=CC=C(C=C3)Cl)CN4CCN(CC4)C5=CC(=C(C=C5)C(=O)NS(=O)(=O)C6=C(C=C(C(=C6)[N+](=O)[O-])NC[C@H]7COCCO7)F)OC8=CN=C9C(=C8)C=CN9,C1CC2(C1)CCC(=C(C2)C3=CC=C(C=C3)Cl)CN4CCN(CC4)C5=CC(=C(C=C5)C(=O)NS(=O)(=O)C6=C(C=C(C(=C6)[N+](=O)[O-])NCC7COCCO7)F)OC8=CN=C9C(=C8)C=CN9
145388246,CC.CC1(CCC(=C(C1)C2=CC=C(C=C2)Cl)CN3CCN(CC3)C4=CC(=C(C=C4)C(=O)NSC5=CC(=C(C=C5)NCC6CCN(CC6)C)[N+](=O)[O-])OC7=CN=C8C(=C7)C=CN8)C,CC.CC1(CCC(=C(C1)C2=CC=C(C=C2)Cl)CN3CCN(CC3)C4=CC(=C(C=C4)C(=O)NSC5=CC(=C(C=C5)NCC6CCN(CC6)C)[N+](=O)[O-])OC7=CN=C8C(=C7)C=CN8)C
118494734,CC1(CCC(=C(C1)CN2CCN(CC2)C3=CC=C(C=C3)C(=O)NS(=O)(=O)C4=CC(=C(C=C4)NC(CCN5CCOCC5)CSC6=CC=CC=C6)S(=O)(=O)C(F)F)C7=CC=C(C=C7)Cl)C,CC1(CCC(=C(C1)CN2CCN(CC2)C3=CC=C(C=C3)C(=O)NS(=O)(=O)C4=CC(=C(C=C4)NC(CCN5CCOCC5)CSC6=CC=CC=C6)S(=O)(=O)C(F)F)C7=CC=C(C=C7)Cl)C
139331527,CC1(CCC(=C(C1)CN2CCN(CC2)C3=CC=C(C=C3)C(=O)NS(=O)(=O)C4=CC(=C(C=C4)NC(CCNC)CSC5=CC=CC=C5)S(=O)(=O)C(F)(F)F)C6=CC=C(C=C6)Cl)C,CC1(CCC(=C(C1)CN2CCN(CC2)C3=CC=C(C=C3)C(=O)NS(=O)(=O)C4=CC(=C(C=C4)NC(CCNC)CSC5=CC=CC=C5)S(=O)(=O)C(F)(F)F)C6=CC=C(C=C6)Cl)C
155047578,CC1(CCC(=C(C1)CN2CCN(CC2)C3=CC=C(C=C3)C(=O)NS(=O)(=O)C4=CC(=C(C=C4)NC(CCN5CCOCC5)CSC6=CC=CC=C6)S(=O)(=O)C(F)(F)F)C7=CC=C(C=C7)Cl)CN8CCN(CC8)C(=O)O,CC1(CCC(=C(C1)CN2CCN(CC2)C3=CC=C(C=C3)C(=O)NS(=O)(=O)C4=CC(=C(C=C4)NC(CCN5CCOCC5)CSC6=CC=CC=C6)S(=O)(=O)C(F)(F)F)C7=CC=C(C=C7)Cl)CN8CCN(CC8)C(=O)O
162620528,C/C=S(\C1=CC(=C(C=C1)N[C@H](CCN2CCOCC2)CSC3=CC=CC=C3)SC(F)(F)F)/NC(=O)C4=CC=C(C=C4)N5CCN(CC5)CC6=C(CCC(C6)(C)C)C7=CC=C(C=C7)Cl,CC=S(C1=CC(=C(C=C1)NC(CCN2CCOCC2)CSC3=CC=CC=C3)SC(F)(F)F)NC(=O)C4=CC=C(C=C4)N5CCN(CC5)CC6=C(CCC(C6)(C)C)C7=CC=C(C=C7)Cl
131976617,C[C@H]1COCCN1CC[C@H](CSC2=CC=CC=C2)NC3=C(C=C(C=C3)S(=O)(=O)NC(=O)C4=CC=C(C=C4)NCCNCC5=C(CCCC5)C6=CC=C(C=C6)Cl)S(=O)(=O)C(F)(F)F,CC1COCCN1CCC(CSC2=CC=CC=C2)NC3=C(C=C(C=C3)S(=O)(=O)NC(=O)C4=CC=C(C=C4)NCCNCC5=C(CCCC5)C6=CC=C(C=C6)Cl)S(=O)(=O)C(F)(F)F
163917115,C[C@H](C1CCN(CC1)C2=CC=C(C=C2)C(=O)NS(=O)(=O)C3=CC(=C(C=C3)N[C@H](CCN4CCOCC4)CSC5=CC=CC=C5)S(=O)(=O)C(F)(F)F)C6=CC=CC=C6C7=CC=C(C=C7)Cl,CC(C1CCN(CC1)C2=CC=C(C=C2)C(=O)NS(=O)(=O)C3=CC(=C(C=C3)NC(CCN4CCOCC4)CSC5=CC=CC=C5)S(=O)(=O)C(F)(F)F)C6=CC=CC=C6C7=CC=C(C=C7)Cl
138467296,CC1(CCC(=C(C1)CN2CCN(CC2)C3=CC=C(C=C3)C(=O)NS(=O)(=O)C4=CC(=C(C=C4N)NC(CCCN5CCOCC5)CSC6=CC=CC=C6)S(=O)(=O)C(F)(F)F)C7=CC=C(C=C7)Cl)C,CC1(CCC(=C(C1)CN2CCN(CC2)C3=CC=C(C=C3)C(=O)NS(=O)(=O)C4=CC(=C(C=C4N)NC(CCCN5CCOCC5)CSC6=CC=CC=C6)S(=O)(=O)C(F)(F)F)C7=CC=C(C=C7)Cl)C
154679026,C[C@]1(CCC(=C(C1)CN2CCN(CC2)C3=CC=C(C=C3)C(=O)NS(=O)(=O)C4=CC(=C(C=C4)N[C@H](CCN5CCOCC5)CSC6=CC=CC=C6)S(=O)(=O)C(F)(F)F)C7=CC=C(C=C7)Cl)CNC(=O)OC(C)(C)C,CC1(CCC(=C(C1)CN2CCN(CC2)C3=CC=C(C=C3)C(=O)NS(=O)(=O)C4=CC(=C(C=C4)NC(CCN5CCOCC5)CSC6=CC=CC=C6)S(=O)(=O)C(F)(F)F)C7=CC=C(C=C7)Cl)CNC(=O)OC(C)(C)C
166998169,CC1(CCC(=C(C1)CN2CCN(CC2)C3=CC=C(C=C3)C(=O)NS(=O)C4=CC(=C(C=C4)N[C@H](CCN5CCOCC5)CSC6=CC=CC=C6)S(=O)C(F)(F)F)C7=CC=C(C=C7)Cl)C,CC1(CCC(=C(C1)CN2CCN(CC2)C3=CC=C(C=C3)C(=O)NS(=O)C4=CC(=C(C=C4)NC(CCN5CCOCC5)CSC6=CC=CC=C6)S(=O)C(F)(F)F)C7=CC=C(C=C7)Cl)C
144593770,CC1(CCC(=C(C1)CN2CCN(CC2)C3=CC=C(C=C3)C(=O)NSC4=CC(=C(C=C4)NCCCN5CCOCC5)S(=O)(=O)C(F)(F)F)C6=CC=C(C=C6)Cl)C,CC1(CCC(=C(C1)CN2CCN(CC2)C3=CC=C(C=C3)C(=O)NSC4=CC(=C(C=C4)NCCCN5CCOCC5)S(=O)(=O)C(F)(F)F)C6=CC=C(C=C6)Cl)C
135407460,CC1=C(SC=C1)CN=C2NC(=O)/C(=C/C3=CC4=C(C=C3)N=CC=C4)/S2,CC1=C(SC=C1)CN=C2NC(=O)C(=CC3=CC4=C(C=C3)N=CC=C4)S2
136152785,C1=CC2=C(C=CC(=C2)C=C3C(=O)NC(=NCCC4=CC=CS4)S3)N=C1,C1=CC2=C(C=CC(=C2)C=C3C(=O)NC(=NCCC4=CC=CS4)S3)N=C1
137212781,C/C(=C/1\C(=O)NC(=NCC2=CC=CS2)S1)/C3=CC4=C(C=C3)N=CC=C4,CC(=C1C(=O)NC(=NCC2=CC=CS2)S1)C3=CC4=C(C=C3)N=CC=C4
137238354,C1=CC=C(C=C1)N=C2NC(=O)C(=CC3=CC4=C(C=CN=C4C=C3)C5=CC=CS5)S2,C1=CC=C(C=C1)N=C2NC(=O)C(=CC3=CC4=C(C=CN=C4C=C3)C5=CC=CS5)S2
135950088,CN(CC1=CC=CS1)/N=C/2\NC(=O)/C(=C/C3=CC4=C(C=C3)N=CC=C4)/S2,CN(CC1=CC=CS1)N=C2NC(=O)C(=CC3=CC4=C(C=C3)N=CC=C4)S2
136652337,CC(C1=CC=CS1)N=C2NC(=O)C(=CC3=CC4=C(C=C3)N=CC=C4)S2,CC(C1=CC=CS1)N=C2NC(=O)C(=CC3=CC4=C(C=C3)N=CC=C4)S2
122540124,CN(C1=CC=CS1)C2=NC(=O)/C(=C\C3=CC4=C(C=C3)N=CC=C4)/S2,CN(C1=CC=CS1)C2=NC(=O)C(=CC3=CC4=C(C=C3)N=CC=C4)S2
135949404,C1=CC=C(C=C1)N=C2NC(=O)/C(=C\C3=CC4=C(C=CN=C4C=C3)C5=CC=CS5)/S2,C1=CC=C(C=C1)N=C2NC(=O)C(=CC3=CC4=C(C=CN=C4C=C3)C5=CC=CS5)S2
136240579,C1=CC2=C(C=CC(=C2)C=C3C(=O)NC(=NCC4=CC=CS4)S3)N=C1,C1=CC2=C(C=CC(=C2)C=C3C(=O)NC(=NCC4=CC=CS4)S3)N=C1
135508276,CC(C1=CC=CS1)N=C2NC(=O)/C(=C/C3=CC4=C(C=C3)N=CC=C4)/S2,CC(C1=CC=CS1)N=C2NC(=O)C(=CC3=CC4=C(C=C3)N=CC=C4)S2
145041155,CCCN1CCN(CC1)C2=CN=C(C=C2)NC3=NC=C4C=C5C(=O)NCC6(N5C4=N3)CCCC6,CCCN1CCN(CC1)C2=CN=C(C=C2)NC3=NC=C4C=C5C(=O)NCC6(N5C4=N3)CCCC6
89799604,C[C@@H]1CNC(CN1C2=CN=C(C=C2)NC3=NC=C4C=C5C(=O)NCC6(N5C4=N3)CCCC6)C,CC1CNC(CN1C2=CN=C(C=C2)NC3=NC=C4C=C5C(=O)NCC6(N5C4=N3)CCCC6)C
58016006,CC1=C(N(C2=NC(=NC=C12)NC3=NC=C(C=C3)N4CCNCC4)C5CCCC5)C(=O)N(C)C,CC1=C(N(C2=NC(=NC=C12)NC3=NC=C(C=C3)N4CCNCC4)C5CCCC5)C(=O)N(C)C
67375905,CN(C)C(=O)C1=CC2=CN=C(N=C2N1C3CCCC3)NC4=NC=C(C=C4)N5CC6CCC(C5)N6,CN(C)C(=O)C1=CC2=CN=C(N=C2N1C3CCCC3)NC4=NC=C(C=C4)N5CC6CCC(C5)N6
139373675,CN(C)C(=O)C1=CC2=CN=C(N=C2N1C3CCCC3)NC4=NC=C(C=C4)N5CCCCC5,CN(C)C(=O)C1=CC2=CN=C(N=C2N1C3CCCC3)NC4=NC=C(C=C4)N5CCCCC5
156532047,CN(C)C(=O)C1=CC2=CN=C(N=C2N1C3CCCN3)NC4=NC=C(C=C4)N5CCNCC5,CN(C)C(=O)C1=CC2=CN=C(N=C2N1C3CCCN3)NC4=NC=C(C=C4)N5CCNCC5
155426517,CCCN(CC)C1=CN=C(C=C1)NC2=NC=C3C=C(N(C3=N2)C4CCCC4)C(=O)N(C)C,CCCN(CC)C1=CN=C(C=C1)NC2=NC=C3C=C(N(C3=N2)C4CCCC4)C(=O)N(C)C
143943799,CCN1CCN(C[C@H]1C)C2=CN=C(C=C2)NC3=NC=C4C=C(N(C4=N3)C5CCCC5)C(=O)N(C)C,CCN1CCN(CC1C)C2=CN=C(C=C2)NC3=NC=C4C=C(N(C4=N3)C5CCCC5)C(=O)N(C)C
144708287,CCCN1CCN(C[C@@H]1C)C2=CN=C(C=C2)NC3=NC=C4C=C5C(=O)NCC6(N5C4=N3)CCCC6,CCCN1CCN(CC1C)C2=CN=C(C=C2)NC3=NC=C4C=C5C(=O)NCC6(N5C4=N3)CCCC6
44819128,CCN1CCN(CC1)C2=CN=C(C=C2)NC3=NC=C4C=C(N(C4=N3)C5CCCC5)C(=O)N(C)C,CCN1CCN(CC1)C2=CN=C(C=C2)NC3=NC=C4C=C(N(C4=N3)C5CCCC5)C(=O)N(C)C
10022581,C1=CC(=C(C=C1O)Cl)C2=CC3=C(C4=C(N3)C=CC(=C4)O)C5=C2C(=O)NC5=O,C1=CC(=C(C=C1O)Cl)C2=CC3=C(C4=C(N3)C=CC(=C4)O)C5=C2C(=O)NC5=O
11740418,C1=CC(=C(C(=C1)O)Cl)C2=CC3=C(C4=C(N3)C=CC(=C4)O)C5=C2C(=O)NC5=O,C1=CC(=C(C(=C1)O)Cl)C2=CC3=C(C4=C(N3)C=CC(=C4)O)C5=C2C(=O)NC5=O
21980730,CNCCCCC1=CC2=C(C=C1O)C3=C(N2)C=C(C4=C3C(=O)NC4=O)C5=C(C=CC=C5Cl)Cl,CNCCCCC1=CC2=C(C=C1O)C3=C(N2)C=C(C4=C3C(=O)NC4=O)C5=C(C=CC=C5Cl)Cl
46905996,C1=CC2=C(C=C1O)C3=C(N2)C=C(C4=C3C(=O)NC4=O)C5=C(C=C(C=C5)Cl)Cl,C1=CC2=C(C=C1O)C3=C(N2)C=C(C4=C3C(=O)NC4=O)C5=C(C=C(C=C5)Cl)Cl
11844224,C1=CC(=C(C=C1[N+](=O)[O-])C2=CC3=C(C4=C(N3)C=CC(=C4)O)C5=C2C(=O)NC5=O)Cl,C1=CC(=C(C=C1[N+](=O)[O-])C2=CC3=C(C4=C(N3)C=CC(=C4)O)C5=C2C(=O)NC5=O)Cl
10453390,C1=CC(=C(C(=C1)Cl)C2=CC3=C(C4=C(N3)C=CC(=C4)O)C5=C2C(=O)NC5=O)Cl,C1=CC(=C(C(=C1)Cl)C2=CC3=C(C4=C(N3)C=CC(=C4)O)C5=C2C(=O)NC5=O)Cl
10319524,C1=CC2=C(C=C1O)C3=C(N2)C=C(C4=C3C(=O)NC4=O)C5=C(C=C(C=C5Cl)O)Cl,C1=CC2=C(C=C1O)C3=C(N2)C=C(C4=C3C(=O)NC4=O)C5=C(C=C(C=C5Cl)O)Cl
21980522,CNCCCCC1=CC2=C(C=C1O)C3=C(N2)C=C(C4=C3C(=O)NC4=O)C5=CC=CC=C5Cl,CNCCCCC1=CC2=C(C=C1O)C3=C(N2)C=C(C4=C3C(=O)NC4=O)C5=CC=CC=C5Cl
11740347,C1=CC(=C(C=C1N)Cl)C2=CC3=C(C4=C(N3)C=CC(=C4)O)C5=C2C(=O)NC5=O,C1=CC(=C(C=C1N)Cl)C2=CC3=C(C4=C(N3)C=CC(=C4)O)C5=C2C(=O)NC5=O
10431859,C1=CC2=C(C=C1O)C3=C(N2)C=C(C4=C3C(=O)NC4=O)C5=C(C=CC(=C5Cl)O)Cl,C1=CC2=C(C=C1O)C3=C(N2)C=C(C4=C3C(=O)NC4=O)C5=C(C=CC(=C5Cl)O)Cl
144362952,CC[C@@H]1C(=O)N(C2=CN=C(N=C2N1C(C)C)NC3=C(C=C(C=C3)C(=O)CC)OC)C,CCC1C(=O)N(C2=CN=C(N=C2N1C(C)C)NC3=C(C=C(C=C3)C(=O)CC)OC)C
117740872,CC[C@@H]1C(=O)N(C2=CN=C(N=C2N1C3CCCC3)NC4=C(C=C(C=C4)C(=O)NC5CCN(C(C5)I)C)OC)C,CCC1C(=O)N(C2=CN=C(N=C2N1C3CCCC3)NC4=C(C=C(C=C4)C(=O)NC5CCN(C(C5)I)C)OC)C
145972845,C[C@H]1C(=O)N(C2=CN=C(N=C2N1C3CCCC3)NC4=C(C=C(C=C4)C(=O)NC5CCN(CC5)C)OC)C,CC1C(=O)N(C2=CN=C(N=C2N1C3CCCC3)NC4=C(C=C(C=C4)C(=O)NC5CCN(CC5)C)OC)C
156882465,[HH].CC[C@@H]1C(=O)N(C2=CN=C(N=C2N1C3CCCC3)NC4=C(C=C(C=C4)C=O)OC)C,[HH].CCC1C(=O)N(C2=CN=C(N=C2N1C3CCCC3)NC4=C(C=C(C=C4)C=O)OC)C
162239921,CC[C@@H]1C(=C)CC2=CN=C(N=C2N1C3CCCC3)NC4=C(C=C(C=C4)C(=O)NC5CCN(CC5)C)OC,CCC1C(=C)CC2=CN=C(N=C2N1C3CCCC3)NC4=C(C=C(C=C4)C(=O)NC5CCN(CC5)C)OC
166167912,CCCCCCCN1CCN(CC1)CCNC(=O)C2=CC(=C(C=C2)NC3=NC=C4C(=N3)N([C@H](C(=O)N4C)CC)C(C)C)OC,CCCCCCCN1CCN(CC1)CCNC(=O)C2=CC(=C(C=C2)NC3=NC=C4C(=N3)N(C(C(=O)N4C)CC)C(C)C)OC
156883126,CC[C@@H]1C(=O)N(C2=CN=C(N=C2N1C3CCCC3)NC4=C(C=C(C=C4)C(=O)NCCC#C)OC)C,CCC1C(=O)N(C2=CN=C(N=C2N1C3CCCC3)NC4=C(C=C(C=C4)C(=O)NCCC#C)OC)C
145208002,CC[C@H]1C(=O)N(C2=CN=C(N=C2N1C3CCCC3)NC4=C(C=C(C=C4)C(=O)NC5CCN(CC5)I)OC)C,CCC1C(=O)N(C2=CN=C(N=C2N1C3CCCC3)NC4=C(C=C(C=C4)C(=O)NC5CCN(CC5)I)OC)C
69165347,CCN1CCC(CC1)NC(=O)C2=CC(=C(C=C2)NC3=NC=C4C(=N3)N(N(C(=O)N4C)CC)C5CCCC5)OC,CCN1CCC(CC1)NC(=O)C2=CC(=C(C=C2)NC3=NC=C4C(=N3)N(N(C(=O)N4C)CC)C5CCCC5)OC
44466421,CCC1C(=O)N(C2=CN=C(N=C2N1NC)NC3=C(C=C(C=C3)C(=O)NC4CCN(CC4)C)OC)C,CCC1C(=O)N(C2=CN=C(N=C2N1NC)NC3=C(C=C(C=C3)C(=O)NC4CCN(CC4)C)OC)C
122705889,C1C[C@H](CNC1)NC(=O)C2=C(C=C(S2)C3=CC(=CC=C3)F)NC(=O)N.Cl,C1CC(CNC1)NC(=O)C2=C(C=C(S2)C3=CC(=CC=C3)F)NC(=O)N.Cl
70686798,C1C[C@@H](CNC1)NC(=O)C2=C(C=C(S2)C3=CC=CC=C3F)NC(=O)N.Cl,C1CC(CNC1)NC(=O)C2=C(C=C(S2)C3=CC=CC=C3F)NC(=O)N.Cl
67077172,CC(=O)NC1=CC=CC(=C1)C2=CC(=C(S2)C(=O)N[C@H]3CCCNC3)NC(=O)N,CC(=O)NC1=CC=CC(=C1)C2=CC(=C(S2)C(=O)NC3CCCNC3)NC(=O)N
67077341,CC(=O)NCC1=CC=C(C=C1)C2=CC(=C(S2)C(=O)N[C@H]3CCCNC3)NC(=O)N,CC(=O)NCC1=CC=C(C=C1)C2=CC(=C(S2)C(=O)NC3CCCNC3)NC(=O)N
11394881,C1C[C@@H](CNC1)NC(=O)C2=C(C=C(S2)C3=CC(=C(C=C3)F)F)NC(=O)N,C1CC(CNC1)NC(=O)C2=C(C=C(S2)C3=CC(=C(C=C3)F)F)NC(=O)N
60155262,C1C[C@@H](CNC1)NC(=O)C2=C(C=C(S2)C3=CC=C(C=C3)F)NC(=O)N,C1CC(CNC1)NC(=O)C2=C(C=C(S2)C3=CC=C(C=C3)F)NC(=O)N
16041610,C1CC(CNC1)NC(=O)C2=C(C=C(S2)C3=CC(=CC=C3)F)NC(=O)N,C1CC(CNC1)NC(=O)C2=C(C=C(S2)C3=CC(=CC=C3)F)NC(=O)N
67077588,C1C[C@@H](CNC1)NC(=O)C2=C(C=C(S2)C3=CC(=CC=C3)C(=O)N)NC(=O)N,C1CC(CNC1)NC(=O)C2=C(C=C(S2)C3=CC(=CC=C3)C(=O)N)NC(=O)N
11152667,C1C[C@@H](CNC1)NC(=O)C2=C(C=C(S2)C3=CC(=CC=C3)F)NC(=O)N,C1CC(CNC1)NC(=O)C2=C(C=C(S2)C3=CC(=CC=C3)F)NC(=O)N
76453658,C1CC(CNC1)NC(=O)C2=C(C=C(S2)C3=CC(=CC=C3)F)NC(=O)N.Cl,C1CC(CNC1)NC(=O)C2=C(C=C(S2)C3=CC(=CC=C3)F)NC(=O)N.Cl
155132089,CC1(CC/C=C\CN2C(=O)C3=CN=C(N=C3N2C4=CC=CC1=N4)NC5=CC=C(C=C5)N6CC[N+](CC6)(C)O)O,CC1(CCC=CCN2C(=O)C3=CN=C(N=C3N2C4=CC=CC1=N4)NC5=CC=C(C=C5)N6CC[N+](CC6)(C)O)O
163780301,CCCCOCCOCCOCCN1CCN(CC1)C2=CC=C(C=C2)NC3=NC=C4C(=N3)N(N(C4=O)CC=C)C5=CC=CC(=N5)C(C)(C)O,CCCCOCCOCCOCCN1CCN(CC1)C2=CC=C(C=C2)NC3=NC=C4C(=N3)N(N(C4=O)CC=C)C5=CC=CC(=N5)C(C)(C)O
168010079,CC1(CCC(=C(CN2C(=O)C3=CN=C(N=C3N2C4=CC=CC1=N4)NC5=CC=C(C=C5)N6CCN(CC6)C)F)F)O,CC1(CCC(=C(CN2C(=O)C3=CN=C(N=C3N2C4=CC=CC1=N4)NC5=CC=C(C=C5)N6CCN(CC6)C)F)F)O
129081124,CC(C)(C1=NC(=CC=C1)N2C3=NC(=NC=C3C(=O)N2CC=C)NC4=CC=C(C=C4)N5CCN(CC5)C(=O)OC)O,CC(C)(C1=NC(=CC=C1)N2C3=NC(=NC=C3C(=O)N2CC=C)NC4=CC=C(C=C4)N5CCN(CC5)C(=O)OC)O
166106612,CCCN1C(=O)C2=CN=C(N=C2N1C3=CC=CC(=N3)C(C)(C)O)NC4=CC=C(C=C4)N5CCN(CC5)CCCN,CCCN1C(=O)C2=CN=C(N=C2N1C3=CC=CC(=N3)C(C)(C)O)NC4=CC=C(C=C4)N5CCN(CC5)CCCN
59555923,CC(C)(C1=NC(=CC=C1)N2C3=NC(=NC=C3C(=O)N2CC=C)NC4=CC=C(C=C4)CN5CCN(CC5)C)O,CC(C)(C1=NC(=CC=C1)N2C3=NC(=NC=C3C(=O)N2CC=C)NC4=CC=C(C=C4)CN5CCN(CC5)C)O
67171420,CCOCCN1CCN(CC1)C2=CC=C(C=C2)NC3=NC=C4C(=N3)N(N(C4=O)CC=C)C5=CC=CC(=N5)C(C)(C)O,CCOCCN1CCN(CC1)C2=CC=C(C=C2)NC3=NC=C4C(=N3)N(N(C4=O)CC=C)C5=CC=CC(=N5)C(C)(C)O
59003751,CC(C)(C1=NC(=CC=C1)N2C3=NC(=NC=C3C(=O)N2CC=C)NC4=CC=C(C=C4)N5CCCN(CC5)C)O,CC(C)(C1=NC(=CC=C1)N2C3=NC(=NC=C3C(=O)N2CC=C)NC4=CC=C(C=C4)N5CCCN(CC5)C)O
87295186,CC(C)(C1=NC(=CC=C1)N2C3=NC(=NC=C3C(=O)N2CC=C)NC4=CC=C(C=C4)N5CCN(CC5)C(=O)C(F)(F)F)O,CC(C)(C1=NC(=CC=C1)N2C3=NC(=NC=C3C(=O)N2CC=C)NC4=CC=C(C=C4)N5CCN(CC5)C(=O)C(F)(F)F)O
148674490,CC(C)(C)OC(=O)N1CCN(CC1)C2=CC=C(C=C2)NC3=NC=C4C(=N3)N(N(C4=O)CC=C)C5=CC=CC(=N5)C(C)(C)O,CC(C)(C)OC(=O)N1CCN(CC1)C2=CC=C(C=C2)NC3=NC=C4C(=N3)N(N(C4=O)CC=C)C5=CC=CC(=N5)C(C)(C)O
162424467,CC1=C(C(=O)N(C2=NC(=NC=C12)NC3=NC=C(C=C3)N4CCN(CC4)C(=O)CCC#C)C5CCCC5)C(=O)C,CC1=C(C(=O)N(C2=NC(=NC=C12)NC3=NC=C(C=C3)N4CCN(CC4)C(=O)CCC#C)C5CCCC5)C(=O)C
5330268,CCC1=CC2=CN=C(N=C2N(C1=O)C3CCCC3)NC4=NC=C(C=C4)N5CCNCC5,CCC1=CC2=CN=C(N=C2N(C1=O)C3CCCC3)NC4=NC=C(C=C4)N5CCNCC5
164614620,CC1=C(C(=O)N(C2=NC(=NC=C12)NC3=NC=C(C=C3)N4CCN(CC4)CC(=O)NCCCNCC#N)C5CCCC5)C(=O)C,CC1=C(C(=O)N(C2=NC(=NC=C12)NC3=NC=C(C=C3)N4CCN(CC4)CC(=O)NCCCNCC#N)C5CCCC5)C(=O)C
158044196,[2H]C1(C(C(C(C1([2H])[2H])([2H])[2H])([2H])[2H])N2C3=NC(=NC=C3C(=C(C2=O)C(=O)C)C)NC4=NC=C(C=C4)N5C(C(NC(C5([2H])[2H])([2H])[2H])([2H])[2H])([2H])[2H])[2H],CC1=C(C(=O)N(C2=NC(=NC=C12)NC3=NC=C(C=C3)N4CCNCC4)C5CCCC5)C(=O)C
164609877,CC1=C(C(=O)N(C2=NC(=NC=C12)NC3=NC=C(C=C3)N4CCN(CC4)CCC(=O)NCCCCCCNC(=O)C=C)C5CCCC5)C(=O)C,CC1=C(C(=O)N(C2=NC(=NC=C12)NC3=NC=C(C=C3)N4CCN(CC4)CCC(=O)NCCCCCCNC(=O)C=C)C5CCCC5)C(=O)C
145023366,CC1=C(C(=O)N(C2=NC(=NC=C12)NC3=NC=C(C=C3)N4CCN(CC4)C(=O)O)C5CCCC5)C(=O)C,CC1=C(C(=O)N(C2=NC(=NC=C12)NC3=NC=C(C=C3)N4CCN(CC4)C(=O)O)C5CCCC5)C(=O)C
22329900,CC(=O)C1=CC2=CN=C(N=C2N(C1=O)C3CCCC3)NC4=NC=C(C=C4)N(C)C(=O)C,CC(=O)C1=CC2=CN=C(N=C2N(C1=O)C3CCCC3)NC4=NC=C(C=C4)N(C)C(=O)C
155811982,[2H]C1=C(C(=NC(=C1N2CCNCC2)[2H])NC3=NC=C4C(=C(C(=O)N(C4=N3)C5CCCC5)C(=O)C)C)[2H],CC1=C(C(=O)N(C2=NC(=NC=C12)NC3=NC=C(C=C3)N4CCNCC4)C5CCCC5)C(=O)C
139600348,CC1=C(C(=O)N(C2=NC(=NC=C12)NC3=NC=C(C=C3)N4CCN(CC4)CC#C)C5CCCC5)C(=O)C,CC1=C(C(=O)N(C2=NC(=NC=C12)NC3=NC=C(C=C3)N4CCN(CC4)CC#C)C5CCCC5)C(=O)C
164623276,CC1=C(C(=O)N(C2=NC(=NC=C12)NC3=NC=C(C=C3)N4CCN(CC4)CC(=O)NCCNC(=O)C=C)C5CCCC5)C(=O)C,CC1=C(C(=O)N(C2=NC(=NC=C12)NC3=NC=C(C=C3)N4CCN(CC4)CC(=O)NCCNC(=O)C=C)C5CCCC5)C(=O)C
24861442,C1=CC(=CC=C1NC(=O)CCCCCCC(=O)NO)F,C1=CC(=CC=C1NC(=O)CCCCCCC(=O)NO)F
25235331,[2H]C1=C(C(=C(C(=C1[2H])[2H])NC(=O)CCCCCCC(=O)NO)[2H])[2H],C1=CC=C(C=C1)NC(=O)CCCCCCC(=O)NO
142989746,CC(CCCCCCC(=O)NC1=CC=CC=C1)NO,CC(CCCCCCC(=O)NC1=CC=CC=C1)NO
53388321,C1=CC(=CC=C1NC(=O)CCCCCCC(=O)NO)[18F],C1=CC(=CC=C1NC(=O)CCCCCCC(=O)NO)F
68394755,C=CCCCCCCC(=O)NC1=CC=CC=C1,C=CCCCCCCC(=O)NC1=CC=CC=C1
146369989,CCONC(=O)CCCCCCC(=O)NC1=CC=CC=C1,CCONC(=O)CCCCCCC(=O)NC1=CC=CC=C1
44392341,C1=CC=C(C=C1)NC(=O)CCCCCC(=O)NO,C1=CC=C(C=C1)NC(=O)CCCCCC(=O)NO
160927166,CCCCCCC(=O)NC1=CC=CC=C1.CC(=O)NO,CCCCCCC(=O)NC1=CC=CC=C1.CC(=O)NO
145400773,CCNC1=CC=C(C=C1)NC(=O)CCCCCC(=O)NO,CCNC1=CC=C(C=C1)NC(=O)CCCCCC(=O)NO
10491988,[3H]C1=CC=C(C=C1)NC(=O)CCCCCCC(=O)NO,C1=CC=C(C=C1)NC(=O)CCCCCCC(=O)NO
160380602,C.C1=CC=C(C(=C1)N)NC(=O)C2=CC=C(C=C2)CNC(=O)OCC3=CN=CC=C3,C.C1=CC=C(C(=C1)N)NC(=O)C2=CC=C(C=C2)CNC(=O)OCC3=CN=CC=C3
22598024,C1=CC=C(C(=C1)N)NC(=O)C2=CC=C(C=C2)CNC(=O)OCC3=CN=CC=C3.Cl,C1=CC=C(C(=C1)N)NC(=O)C2=CC=C(C=C2)CNC(=O)OCC3=CN=CC=C3.Cl
10834447,C1=CC(=CN=C1)COC(=O)NCC2=CC=C(C=C2)C(=O)NC3=C(C=CC(=C3)F)N,C1=CC(=CN=C1)COC(=O)NCC2=CC=C(C=C2)C(=O)NC3=C(C=CC(=C3)F)N
76309968,C1=CC=C(C(=C1)N)NC(=O)C2=CC=C(C=C2)CN[11C](=O)OCC3=CN=CC=C3,C1=CC=C(C(=C1)N)NC(=O)C2=CC=C(C=C2)CNC(=O)OCC3=CN=CC=C3
22598028,C1=CC=C(C(=C1)N)NC(=O)C2=CC=C(C=C2)CNC(=O)OCC3=CN=CC=C3.C(=C/C(=O)O)\C(=O)O,C1=CC=C(C(=C1)N)NC(=O)C2=CC=C(C=C2)CNC(=O)OCC3=CN=CC=C3.C(=CC(=O)O)C(=O)O
91182263,CC.C1=CC=C(C(=C1)N)NC(=O)C2=CC=C(C=C2)CNC(=O)OCC3=CN=CC=C3,CC.C1=CC=C(C(=C1)N)NC(=O)C2=CC=C(C=C2)CNC(=O)OCC3=CN=CC=C3
145293740,CCNC1=CC=CC=C1NC(=O)C2=CC=C(C=C2)CNC(=O)OCC3=CN=CC=C3,CCNC1=CC=CC=C1NC(=O)C2=CC=C(C=C2)CNC(=O)OCC3=CN=CC=C3
67396608,C1=CC=C(C(=C1)N)NC(=O)C2=CC=C(C=C2)CNC(=O)OCC3=CN=CC=C3.Br,C1=CC=C(C(=C1)N)NC(=O)C2=CC=C(C=C2)CNC(=O)OCC3=CN=CC=C3.Br
22668125,CC1=NC=C(C=C1)COC(=O)NCC2=CC=C(C=C2)C(=O)NC3=CC=CC=C3N,CC1=NC=C(C=C1)COC(=O)NCC2=CC=C(C=C2)C(=O)NC3=CC=CC=C3N
134471489,C1=CC=C(C(=C1)N)NC(=O)C2=CC=C(C=C2)CCCNC(=O)OCC3=CN=CC=C3,C1=CC=C(C(=C1)N)NC(=O)C2=CC=C(C=C2)CCCNC(=O)OCC3=CN=CC=C3
123251801,CC1=C(SC2=C1C(=NC(C3=NN=C(N32)C)CC(=O)OCC(C)C)C4=CC=C(C=C4)Cl)C,CC1=C(SC2=C1C(=NC(C3=NN=C(N32)C)CC(=O)OCC(C)C)C4=CC=C(C=C4)Cl)C
19704921,CC1=C(SC2=C1C(=NC(C3=NN=C(N32)C)CC(=O)O)C4=CC=C(C=C4)Cl)C,CC1=C(SC2=C1C(=NC(C3=NN=C(N32)C)CC(=O)O)C4=CC=C(C=C4)Cl)C
152515929,CC1=C(SC2=C1C(=N[C@H](C3=NN=C(N32)C)CC(=O)OC(C)(C)C)C4=CC=C(C=C4)Cl)I,CC1=C(SC2=C1C(=NC(C3=NN=C(N32)C)CC(=O)OC(C)(C)C)C4=CC=C(C=C4)Cl)I
135139258,CCOC(=O)C[C@H]1C2=NN=C(N2C3=C(C=CS3)C(=N1)C4=CC=C(C=C4)Cl)C,CCOC(=O)CC1C2=NN=C(N2C3=C(C=CS3)C(=N1)C4=CC=C(C=C4)Cl)C
71300862,CC1=C(SC2=C1C(=N[C@H](C3=NN=C(N32)C)C(=O)OC(C)(C)C)C4=CC=C(C=C4)Cl)C,CC1=C(SC2=C1C(=NC(C3=NN=C(N32)C)C(=O)OC(C)(C)C)C4=CC=C(C=C4)Cl)C
132154357,CCCCOC(=O)C[C@@H]1C2=NN=C(N2C3=C(C(=C(S3)C)C)C(=N1)C4=CC=C(C=C4)Cl)C,CCCCOC(=O)CC1C2=NN=C(N2C3=C(C(=C(S3)C)C)C(=N1)C4=CC=C(C=C4)Cl)C
67445227,CC1=C(SC2=C1C(=N[C@H](C3=NN=C(N32)C)C(C)C(=O)O)C4=CC=C(C=C4)Cl)C,CC1=C(SC2=C1C(=NC(C3=NN=C(N32)C)C(C)C(=O)O)C4=CC=C(C=C4)Cl)C
132157540,CC1=C(SC2=C1C(=NC(C3=NN=C(N32)C)CC(=O)OCCCO)C4=CC=C(C=C4)Cl)C,CC1=C(SC2=C1C(=NC(C3=NN=C(N32)C)CC(=O)OCCCO)C4=CC=C(C=C4)Cl)C
132154366,CCCOC(=O)C[C@@H]1C2=NN=C(N2C3=C(C(=C(S3)C)C)C(=N1)C4=CC=C(C=C4)Cl)C,CCCOC(=O)CC1C2=NN=C(N2C3=C(C(=C(S3)C)C)C(=N1)C4=CC=C(C=C4)Cl)C
78051167,CC1=C(SC2=C1C(=NC(C3=NN=C(N32)C)CC(=O)OC(C)(C)C)C4=CC=C(C=C4)Cl)C(C)C,CC1=C(SC2=C1C(=NC(C3=NN=C(N32)C)CC(=O)OC(C)(C)C)C4=CC=C(C=C4)Cl)C(C)C
44529205,CCN1C2=CC(=NC=C2N=C1C3=NON=C3N)OC4=CC=CC(=C4)NC(=O)C5=CC=C(C=C5)OCCN(C(C)C)C(C)C,CCN1C2=CC(=NC=C2N=C1C3=NON=C3N)OC4=CC=CC(=C4)NC(=O)C5=CC=C(C=C5)OCCN(C(C)C)C(C)C
11248427,CCN1C2=CC(=NC=C2N=C1C3=NON=C3N)OC4=CC=CC(=C4)NC(=O)C5=CC=C(C=C5)OC,CCN1C2=CC(=NC=C2N=C1C3=NON=C3N)OC4=CC=CC(=C4)NC(=O)C5=CC=C(C=C5)OC
16099861,CCN1C2=CC(=NC=C2N=C1C3=NON=C3N)OC4=CC=CC(=C4)NC(=O)C5=CC=C(C=C5)CN6CCOCC6,CCN1C2=CC(=NC=C2N=C1C3=NON=C3N)OC4=CC=CC(=C4)NC(=O)C5=CC=C(C=C5)CN6CCOCC6
16095342,CCN1C2=CC(=NC=C2N=C1C3=NON=C3N)OC4=CC=CC(=C4)NC(=O)C5=CC=C(C=C5)OCCN6CCOCC6,CCN1C2=CC(=NC=C2N=C1C3=NON=C3N)OC4=CC=CC(=C4)NC(=O)C5=CC=C(C=C5)OCCN6CCOCC6
68875374,CCN1C2=CC(=NC=C2N=C1C3=NON=C3N)OC4=CC=CC(=C4)NC(=O)C5=CC=C(C=C5)OCC,CCN1C2=CC(=NC=C2N=C1C3=NON=C3N)OC4=CC=CC(=C4)NC(=O)C5=CC=C(C=C5)OCC
16099846,CCN1C2=CC(=NC=C2N=C1C3=NON=C3N)OC4=CC=CC(=C4)NC(=O)C5=CC=C(C=C5)N6CCOCC6,CCN1C2=CC(=NC=C2N=C1C3=NON=C3N)OC4=CC=CC(=C4)NC(=O)C5=CC=C(C=C5)N6CCOCC6
68871987,CN(C)CCOC1=CC=C(C=C1)N2C3=CC(=NC=C3N=C2C4=NON=C4N)OC5=CC=CC(=C5)NC(=O)C6=CC=C(C=C6)OC,CN(C)CCOC1=CC=C(C=C1)N2C3=CC(=NC=C3N=C2C4=NON=C4N)OC5=CC=CC(=C5)NC(=O)C6=CC=C(C=C6)OC
44529206,CCN1C2=CC(=NC=C2N=C1C3=NON=C3N)OC4=CC=CC(=C4)NC(=O)C5=CC=C(C=C5)OCCN6CCCCC6,CCN1C2=CC(=NC=C2N=C1C3=NON=C3N)OC4=CC=CC(=C4)NC(=O)C5=CC=C(C=C5)OCCN6CCCCC6
56604052,CCN1C2=CC(=NC=C2N=C1C3=NON=C3N)OC4=CC=CC(=C4)NC(=O)C5=CC=C(C=C5)OCCN6CCOCC6.[Cl-],CCN1C2=CC(=NC=C2N=C1C3=NON=C3N)OC4=CC=CC(=C4)NC(=O)C5=CC=C(C=C5)OCCN6CCOCC6.[Cl-]
68873922,CCN1C2=CC(=NC=C2N=C1C3=NON=C3N)OC4=CC=CC(=C4)NC(=O)C5=CC=C(C=C5)OCCN(CC)CC,CCN1C2=CC(=NC=C2N=C1C3=NON=C3N)OC4=CC=CC(=C4)NC(=O)C5=CC=C(C=C5)OCCN(CC)CC
84691,N.N.[Cl-].[Cl-].[Pt+2],N.N.[Cl-].[Cl-].[Pt+2]
86820626,[NH2-].[NH2-].[Cl-].[Cl-].[Pt+4],[NH2-].[NH2-].[Cl-].[Cl-].[Pt+4]
25199912,[NH2-].[NH2-].Cl[Pt]Cl,[NH2-].[NH2-].Cl[Pt]Cl
9882766,N.N.[Cl-].[Cl-].[195Pt+2],N.N.[Cl-].[Cl-].[Pt+2]
23644016,N.N.Cl[Pt+2]Cl,N.N.Cl[Pt+2]Cl
161848316,N.[NH2-].[NH2-].Cl[Pt+2]Cl.[Pt],N.[NH2-].[NH2-].Cl[Pt+2]Cl.[Pt]
24809609,N.N.[Cl-].[Cl-].[Pt],N.N.[Cl-].[Cl-].[Pt]
119232,[NH2-].[NH2-].[NH2-].[Cl-].[Cl-].[Pt+2],[NH2-].[NH2-].[NH2-].[Cl-].[Cl-].[Pt+2]
6712951,[NH2-].[NH2-].Cl[Pt]Cl,[NH2-].[NH2-].Cl[Pt]Cl
11961987,N.N.Cl[195Pt]Cl,N.N.Cl[Pt]Cl
155748598,[HH].CC.CN1C(=O)N2C=NC(=C2N=N1)C(=O)N,[HH].CC.CN1C(=O)N2C=NC(=C2N=N1)C(=O)N
141086066,CN(C)C(=O)C1=C2N=NNC(=O)N2C=N1,CN(C)C(=O)C1=C2N=NNC(=O)N2C=N1
5394,CN1C(=O)N2C=NC(=C2N=N1)C(=O)N,CN1C(=O)N2C=NC(=C2N=N1)C(=O)N
88906985,[B]N1C(=O)N2C=NC(=C2N=N1)C(=O)N,[B]N1C(=O)N2C=NC(=C2N=N1)C(=O)N
13121484,CCCN1C(=O)N2C=NC(=C2N=N1)C(=O)N,CCCN1C(=O)N2C=NC(=C2N=N1)C(=O)N
68785374,CN1C(=O)N2C=NC(=C2N=N1)C(=O)N.N,CN1C(=O)N2C=NC(=C2N=N1)C(=O)N.N
71202690,CC(C)(N1C(=O)N2C=NC(=C2N=N1)C(=O)N)N(C)C,CC(C)(N1C(=O)N2C=NC(=C2N=N1)C(=O)N)N(C)C
76973187,[2H][13C]([2H])([2H])N1C(=O)N2C=NC(=C2N=N1)C(=O)N,CN1C(=O)N2C=NC(=C2N=N1)C(=O)N
11658676,CN1C(=O)N2C=NC(=C2N=N1)C(=O)N.Cl,CN1C(=O)N2C=NC(=C2N=N1)C(=O)N.Cl
44128809,C1=NC(=C2N1C(=O)N(N=N2)CF)C(=O)N,C1=NC(=C2N1C(=O)N(N=N2)CF)C(=O)N
58830671,C1CC[C@H]([C@@H](C1)[NH-])[NH-].C(=O)(C(=O)O)O.O.O.[Pt+2],C1CCC(C(C1)[NH-])[NH-].C(=O)(C(=O)O)O.O.O.[Pt+2]
58850450,C1CC[C@@H]([C@H](C1)[NH-])[NH-].C(=O)(C(=O)O)O.[Pt+2],C1CCC(C(C1)[NH-])[NH-].C(=O)(C(=O)O)O.[Pt+2]
158814022,C.C1CC[C@H]([C@@H](C1)N)N.C(=O)(C(=O)O)O.[Pt],C.C1CCC(C(C1)N)N.C(=O)(C(=O)O)O.[Pt]
9887053,C1CC[C@H]([C@@H](C1)[NH-])[NH-].C(=O)(C(=O)O)O.[Pt+2],C1CCC(C(C1)[NH-])[NH-].C(=O)(C(=O)O)O.[Pt+2]
129633927,C1CC[C@H]([C@@H](C1)N)N.C(=O)(C(=O)O)O.[Pt],C1CCC(C(C1)N)N.C(=O)(C(=O)O)O.[Pt]
6857599,C1CC[C@H]([C@@H](C1)N)N.C(=O)(C(=O)O)O.[Pt+2],C1CCC(C(C1)N)N.C(=O)(C(=O)O)O.[Pt+2]
4609,C1CCC(C(C1)[NH-])[NH-].C(=O)(C(=O)O)O.[Pt+2],C1CCC(C(C1)[NH-])[NH-].C(=O)(C(=O)O)O.[Pt+2]
6394767,C1CCC(C(C1)N)N.C(=O)(C(=O)O)O.[Pt+2],C1CCC(C(C1)N)N.C(=O)(C(=O)O)O.[Pt+2]
140501088,C1CCC([C@@H](C1)N)N.C(=O)(C(=O)O)O.[Pt],C1CCC(C(C1)N)N.C(=O)(C(=O)O)O.[Pt]
58613196,C1CCC([C@@H](C1)N)N.C(=O)(C(=O)O)O.[Pt+2],C1CCC(C(C1)N)N.C(=O)(C(=O)O)O.[Pt+2]
12800110,C1[C@@H]([C@H](OC1N2C=CC(=NC2=O)N)CO)O,C1C(C(OC1N2C=CC(=NC2=O)N)CO)O
118294221,C1=CN(C(=O)N=C1N)[C@H]2C([C@@H]([C@](O2)(CO)C(F)F)O)F,C1=CN(C(=O)N=C1N)C2C(C(C(O2)(CO)C(F)F)O)F
90472733,[13CH2]1[C@@H]([C@H](O[C@H]1N2C=CC(=NC2=O)N)CO)O.O,C1C(C(OC1N2C=CC(=NC2=O)N)CO)O.O
156727466,COC[C@@H]1C(C(C(O1)N2C=CC(=NC2=O)N)(F)F)O,COCC1C(C(C(O1)N2C=CC(=NC2=O)N)(F)F)O
90213479,COC[C@@H]1[C@H](C([C@@H](O1)N2C=CC(=NC2=O)N)(F)F)O,COCC1C(C(C(O1)N2C=CC(=NC2=O)N)(F)F)O
68593899,C1=CN(C(=O)N=C1N)[C@H]2C(C([C@H](O2)CO)O)(F)F.O,C1=CN(C(=O)N=C1N)C2C(C(C(O2)CO)O)(F)F.O
53726355,[3H]OC[C@@H]1[C@H](C[C@@H](O1)N2C=CC(=NC2=O)N)O,C1C(C(OC1N2C=CC(=NC2=O)N)CO)O
18528810,C1[C@@H](OC(C1O)CO)N2C=CC(=NC2=O)N.O,C1C(C(OC1N2C=CC(=NC2=O)N)CO)O.O
138526646,C=CO[C@@H]1[C@H](O[C@H]([C@@H]1F)N2C=CC(=NC2=O)N)CO,C=COC1C(OC(C1F)N2C=CC(=NC2=O)N)CO
46705350,C1=CN(C(=O)N=C1N)[C@H]2C(C([C@H](O2)CO)O)(F)F,C1=CN(C(=O)N=C1N)C2C(C(C(O2)CO)O)(F)F
10371263,CCC1=C2CN3C(=CC4=C(C3=O)COC(=O)[C@@]4(CC)O)C2=NC5=C1C=C(C=C5)OC(=O)N6CCN(CC6)CC7=CC=CC=C7,CCC1=C2CN3C(=CC4=C(C3=O)COC(=O)C4(CC)O)C2=NC5=C1C=C(C=C5)OC(=O)N6CCN(CC6)CC7=CC=CC=C7
13471611,CCC1=C2CN3C(=CC4=C(C3=O)COC(=O)[C@@]4(CC)O)C2=NC5=C1C=C(C=C5)OC(=O)N6CCNCC6,CCC1=C2CN3C(=CC4=C(C3=O)COC(=O)C4(CC)O)C2=NC5=C1C=C(C=C5)OC(=O)N6CCNCC6
160038615,CCC1=C2CN3C(=CC4=C(C3=O)COC(=O)[C@@]4(C)O)C2=NC5=C1C=C(C=C5)OC(=O)N6CCC(CC6)C,CCC1=C2CN3C(=CC4=C(C3=O)COC(=O)C4(C)O)C2=NC5=C1C=C(C=C5)OC(=O)N6CCC(CC6)C
95198740,CCC1=C2CN3C(=CC4=C(C3=O)COC(=O)[C@@]4(CC)O)C2=NC5=C1C=C(C=C5)OC(=O)N6CC[C@H](C[C@@H]6O)N7CCCCC7,CCC1=C2CN3C(=CC4=C(C3=O)COC(=O)C4(CC)O)C2=NC5=C1C=C(C=C5)OC(=O)N6CCC(CC6O)N7CCCCC7
89648427,CCC1=C2CN3C(=CC4=C(C3=O)COC(=O)[C@@]4(CC)O)C2=NC5=C1C=C(C=C5)OC(=O)N6CCN(CC6)C(=O)CCC(=O)N7CCC(CC7)(C(=O)OC(C)(C)C)C(=O)OC(C)(C)C,CCC1=C2CN3C(=CC4=C(C3=O)COC(=O)C4(CC)O)C2=NC5=C1C=C(C=C5)OC(=O)N6CCN(CC6)C(=O)CCC(=O)N7CCC(CC7)(C(=O)OC(C)(C)C)C(=O)OC(C)(C)C
123534355,CCC1=C2CN3C(=CC4=C(C3=O)COC(=O)C4(CC)O)C2=NC5=C1C=C(C=C5)OC(=O)N6CCN(CC6)C(=O)OC(C)(C)C,CCC1=C2CN3C(=CC4=C(C3=O)COC(=O)C4(CC)O)C2=NC5=C1C=C(C=C5)OC(=O)N6CCN(CC6)C(=O)OC(C)(C)C
69403098,CCC1=C2CN3C(=CC4=C(C3=O)COC(=O)[C@@]4(CC)O)C2=NC5=C1C=C(C=C5)OC(=O)N6CCN(CC6)N7CCCC7,CCC1=C2CN3C(=CC4=C(C3=O)COC(=O)C4(CC)O)C2=NC5=C1C=C(C=C5)OC(=O)N6CCN(CC6)N7CCCC7
89001708,CCCCC1CCN(CC1)C(=O)OC2=CC3=C(C=C2)N=C4C(=C3CC)CN5C4=CC6=C(C5=O)COC(=O)C6(CC)O,CCCCC1CCN(CC1)C(=O)OC2=CC3=C(C=C2)N=C4C(=C3CC)CN5C4=CC6=C(C5=O)COC(=O)C6(CC)O
25212790,[2H]C1=C(C(=C(C2=C1N=C3C(=C2C([2H])([2H])C([2H])([2H])[2H])C(N4C3=C(C5=C(C4=O)C(OC(=O)C5(C([2H])([2H])C([2H])([2H])[2H])O[2H])([2H])[2H])[2H])([2H])[2H])[2H])OC(=O)N6C(C(C(C(C6([2H])[2H])([2H])[2H])([2H])N7C(C(C(C(C7([2H])[2H])([2H])[2H])([2H])[2H])([2H])[2H])([2H])[2H])([2H])[2H])([2H])[2H])[2H],CCC1=C2CN3C(=CC4=C(C3=O)COC(=O)C4(CC)O)C2=NC5=C1C=C(C=C5)OC(=O)N6CCC(CC6)N7CCCCC7
121297968,CCC1=C2CN3C(=CC4=C(C3=O)COC(=O)C4(CC)OC(=O)O)C2=NC5=C1C=C(C=C5)OC(=O)N6CCC(CC6)N7CCCCC7,CCC1=C2CN3C(=CC4=C(C3=O)COC(=O)C4(CC)OC(=O)O)C2=NC5=C1C=C(C=C5)OC(=O)N6CCC(CC6)N7CCCCC7
10524956,CCC1(C2=C(COC1=O)C(=O)N3CC4=C(C5=CC=CC=C5N=C4C3=C2)/C=C/C#N)O,CCC1(C2=C(COC1=O)C(=O)N3CC4=C(C5=CC=CC=C5N=C4C3=C2)C=CC#N)O
44381032,CC[C@@]1(C2=C(COC1=O)C(=O)N3CC4=CC5=C(C=CC=C5N=C4C3=C2)CCC6=CC=CC=C6)O,CCC1(C2=C(COC1=O)C(=O)N3CC4=CC5=C(C=CC=C5N=C4C3=C2)CCC6=CC=CC=C6)O
145814119,CC[C@@]1(C2=C(COC1=O)C(=O)N3CC4=C(C3=C2)N=C5C(=C4)C=CC=C5/C(=N/OC(C)(C)C)/C)O,CCC1(C2=C(COC1=O)C(=O)N3CC4=C(C3=C2)N=C5C(=C4)C=CC=C5C(=NOC(C)(C)C)C)O
45138953,CC[C@@]1(C2=C(COC1=O)C(=O)N3CC4=CC5=CC=CC=C5N=C4C3=C2N)O,CCC1(C2=C(COC1=O)C(=O)N3CC4=CC5=CC=CC=C5N=C4C3=C2N)O
140424675,CCCNCCC1=CC=CC2=CC3=C(C4=CC5=C(COC(=O)[C@@]5(CC)O)C(=O)N4C3)N=C21,CCCNCCC1=CC=CC2=CC3=C(C4=CC5=C(COC(=O)C5(CC)O)C(=O)N4C3)N=C21
68525491,CC[C@@]1(C2=C(COC1=O)C(=O)N3CC4=C(C3=C2)N=C5C=C(C(=CC5=C4)F)F)O,CCC1(C2=C(COC1=O)C(=O)N3CC4=C(C3=C2)N=C5C=C(C(=CC5=C4)F)F)O
14761165,CCC1(C2=C(COC1=O)C(=O)N3CC4=CC5=C(C=CC=C5N=C4C3=C2)C)O,CCC1(C2=C(COC1=O)C(=O)N3CC4=CC5=C(C=CC=C5N=C4C3=C2)C)O
140396238,CCC1=CC(=CC2=CC3=C(C4=CC5=C(COC(=O)[C@@]5(CC)O)C(=O)N4C3)N=C21)/C=C/C(=O)O,CCC1=CC(=CC2=CC3=C(C4=CC5=C(COC(=O)C5(CC)O)C(=O)N4C3)N=C21)C=CC(=O)O
13374101,CCCC1=C2CN3C(=CC4=C(C3=O)COC(=O)[C@@]4(CC)O)C2=[N+](C5=CC=CC=C51)[O-],CCCC1=C2CN3C(=CC4=C(C3=O)COC(=O)C4(CC)O)C2=[N+](C5=CC=CC=C51)[O-]
10550676,CCCCC(=O)OC1(C2=C(COC1=O)C(=O)N3CC4=CC5=CC=CC=C5N=C4C3=C2)CC,CCCCC(=O)OC1(C2=C(COC1=O)C(=O)N3CC4=CC5=CC=CC=C5N=C4C3=C2)CC
134147887,CC(C)N(C/C=C/C(=O)NC1=C(C=C2C(=C1)C(=NC=N2)NC3=CC(=C(C=C3)F)Cl)OC)C(C)C,CC(C)N(CC=CC(=O)NC1=C(C=C2C(=C1)C(=NC=N2)NC3=CC(=C(C=C3)F)Cl)OC)C(C)C
22225712,CN(C/C=C/C(=O)NC1=C(C=C2C(=C1)C(=NC=N2)NC3=CC(=C(C=C3)F)Cl)OCC4CC4)C5CCOC5,CN(CC=CC(=O)NC1=C(C=C2C(=C1)C(=NC=N2)NC3=CC(=C(C=C3)F)Cl)OCC4CC4)C5CCOC5
71727477,CN1CCC[C@@H]1/C=C/C(=O)NC2=C(C=C3C(=C2)C(=NC=N3)NC4=C(C(=CC=C4)Cl)F)OCCOC,CN1CCCC1C=CC(=O)NC2=C(C=C3C(=C2)C(=NC=N3)NC4=C(C(=CC=C4)Cl)F)OCCOC
118900289,CCN(CC)C/C=C/C(=O)NC1=C(C=C2C(=C1)C(=NC=N2)NC3=CC(=C(C=C3)F)Cl)OCCOCC,CCN(CC)CC=CC(=O)NC1=C(C=C2C(=C1)C(=NC=N2)NC3=CC(=C(C=C3)F)Cl)OCCOCC
57229854,C[C@@H](COC)N(C)CC=CC(=O)NC1=C(C=C2C(=C1)C(=NC=N2)NC3=CC(=C(C=C3)F)Cl)OC4CCC4,CC(COC)N(C)CC=CC(=O)NC1=C(C=C2C(=C1)C(=NC=N2)NC3=CC(=C(C=C3)F)Cl)OC4CCC4
72737403,CN(C)CCCNC(=O)NC1=C(C=C2C(=C1)C(=NC=N2)NC3=CC(=C(C=C3)F)Cl)O[C@H]4CCOC4,CN(C)CCCNC(=O)NC1=C(C=C2C(=C1)C(=NC=N2)NC3=CC(=C(C=C3)F)Cl)OC4CCOC4
85471024,C1CCN(CC1)C/C=C/C(=O)NC2=C(C=C3C(=C2)C(=NC=N3)NC4=CC(=C(C=C4)F)Cl)O[C@@H]5CCOC5,C1CCN(CC1)CC=CC(=O)NC2=C(C=C3C(=C2)C(=NC=N3)NC4=CC(=C(C=C4)F)Cl)OC5CCOC5
123145451,C1COCC1COC2=C(C=C3C(=C2)N=CN=C3NC4=CC(=C(C=C4)F)Cl)NC(=O)C=CCN5CC6C(C5)OCCO6,C1COCC1COC2=C(C=C3C(=C2)N=CN=C3NC4=CC(=C(C=C4)F)Cl)NC(=O)C=CCN5CC6C(C5)OCCO6
86306017,CCOC1=C(C=C2C(=C1)N=CN=C2NC3=CC(=C(C=C3)F)Cl)NC(=O)/C(=C/CN4C[C@@H]5[C@H](C4)OCCO5)/F,CCOC1=C(C=C2C(=C1)N=CN=C2NC3=CC(=C(C=C3)F)Cl)NC(=O)C(=CCN4CC5C(C4)OCCO5)F
56933168,CN1CCC2(CC1)CC(CO2)OC3=C(C=C4C(=C3)N=CN=C4NC5=CC(=C(C=C5)F)Cl)NC(=O)C=C,CN1CCC2(CC1)CC(CO2)OC3=C(C=C4C(=C3)N=CN=C4NC5=CC(=C(C=C5)F)Cl)NC(=O)C=C
144733631,CC.CSCCNCC1=CC=C(O1)C2=CC3=C(C=C2)N=CN=C3NC4=CC(=C(C=C4)OCC5=CC(=CC=C5)F)Cl,CC.CSCCNCC1=CC=C(O1)C2=CC3=C(C=C2)N=CN=C3NC4=CC(=C(C=C4)OCC5=CC(=CC=C5)F)Cl
142038798,CSCCN(CC1=CC=CC=C1)CC2=CC=C(O2)C3=CC4=C(C=C3)N=CN=C4NC5=CC(=C(C=C5)OCC6=CC(=CC=C6)F)Cl,CSCCN(CC1=CC=CC=C1)CC2=CC=C(O2)C3=CC4=C(C=C3)N=CN=C4NC5=CC(=C(C=C5)OCC6=CC(=CC=C6)F)Cl
126455854,[2H]C([2H])([2H])S(=O)(=O)C([2H])([2H])C([2H])([2H])NCC1=CC=C(O1)C2=CC3=C(C=C2)N=CN=C3NC4=CC(=C(C=C4)OCC5=CC(=CC=C5)F)Cl.Cl.Cl,CS(=O)(=O)CCNCC1=CC=C(O1)C2=CC3=C(C=C2)N=CN=C3NC4=CC(=C(C=C4)OCC5=CC(=CC=C5)F)Cl.Cl.Cl
132154140,CS(=O)(=O)CCN(CC1=CC=C(O1)C2=CC3=C(C=C2)N=CN=C3NC4=CC(=C(C=C4)OCC5=CC(=CC=C5)F)Cl)S(=O)(=O)C,CS(=O)(=O)CCN(CC1=CC=C(O1)C2=CC3=C(C=C2)N=CN=C3NC4=CC(=C(C=C4)OCC5=CC(=CC=C5)F)Cl)S(=O)(=O)C
91591534,CC1=CC=C(C=C1)SOOO.CS(=O)(=O)CCNCC1=CC=C(O1)C2=CC3=C(C=C2)N=CN=C3NC4=CC(=C(C=C4)OCC5=CC(=CC=C5)F)Cl,CC1=CC=C(C=C1)SOOO.CS(=O)(=O)CCNCC1=CC=C(O1)C2=CC3=C(C=C2)N=CN=C3NC4=CC(=C(C=C4)OCC5=CC(=CC=C5)F)Cl
73352566,CC1=CC=C(C=C1)S(=O)(=O)O.CSCCNCC1=CC=C(O1)C2=CC3=C(C=C2)N=CN=C3NC4=CC(=C(C=C4)OCC5=CC(=CC=C5)F)Cl,CC1=CC=C(C=C1)S(=O)(=O)O.CSCCNCC1=CC=C(O1)C2=CC3=C(C=C2)N=CN=C3NC4=CC(=C(C=C4)OCC5=CC(=CC=C5)F)Cl
86293077,CS(=O)CCNCC1=CC=C(O1)C2=CC3=C(C=C2)N=CN=C3NC4=CC(=C(C=C4)OCC5=CC(=CC=C5)F)Cl.C(=C/C(=O)O)\C(=O)O,CS(=O)CCNCC1=CC=C(O1)C2=CC3=C(C=C2)N=CN=C3NC4=CC(=C(C=C4)OCC5=CC(=CC=C5)F)Cl.C(=CC(=O)O)C(=O)O
142038799,C=C/C=C(\C=C)/SCCNCC1=CC=C(O1)C2=CC3=C(C=C2)N=CN=C3NC4=CC(=C(C=C4)OCC5=CC(=CC=C5)F)Cl,C=CC=C(C=C)SCCNCC1=CC=C(O1)C2=CC3=C(C=C2)N=CN=C3NC4=CC(=C(C=C4)OCC5=CC(=CC=C5)F)Cl
51002322,[2H]C1=C(C(=C(C(=C1[2H])F)[2H])COC2=C(C=C(C=C2)NC3=NC=NC4=C3C=C(C=C4)C5=CC=C(O5)C([2H])([2H])NC([2H])([2H])CS(=O)(=O)C)Cl)[2H],CS(=O)(=O)CCNCC1=CC=C(O1)C2=CC3=C(C=C2)N=CN=C3NC4=CC(=C(C=C4)OCC5=CC(=CC=C5)F)Cl
141477932,CS(=O)(=O)CCNCC1=CC=C(O1)C2=CC3=C(C=C2)N=CN=C3NC4=CC(=C(C=C4)OCCC5=CC(=CC=C5)F)Cl,CS(=O)(=O)CCNCC1=CC=C(O1)C2=CC3=C(C=C2)N=CN=C3NC4=CC(=C(C=C4)OCCC5=CC(=CC=C5)F)Cl
20819672,CN(C)C(=O)CNC1CCC(CC1)OC2=C(C=C3C(=C2)C(=NC=N3)NC4=CC(=C(C=C4)F)Cl)OC,CN(C)C(=O)CNC1CCC(CC1)OC2=C(C=C3C(=C2)C(=NC=N3)NC4=CC(=C(C=C4)F)Cl)OC
68906972,COCCOC1=C(C=C2C(=C1)C(=NC=N2)NC3=C(C(=CC=C3)Cl)F)OC4CCNCC4.Cl.Cl,COCCOC1=C(C=C2C(=C1)C(=NC=N2)NC3=C(C(=CC=C3)Cl)F)OC4CCNCC4.Cl.Cl
58294901,CN(C1CCC(CC1)OC2=C(C=C3C(=C2)C(=NC=N3)NC4=C(C(=CC=C4)Cl)F)OC)C(=O)N5CCNCC5,CN(C1CCC(CC1)OC2=C(C=C3C(=C2)C(=NC=N3)NC4=C(C(=CC=C4)Cl)F)OC)C(=O)N5CCNCC5
11642826,CN(C)CC(=O)N1CCC(CC1)OC2=C(C=C3C(=C2)C(=NC=N3)NC4=CC(=C(C=C4)OCC5=CC(=CC=C5)F)Cl)OC,CN(C)CC(=O)N1CCC(CC1)OC2=C(C=C3C(=C2)C(=NC=N3)NC4=CC(=C(C=C4)OCC5=CC(=CC=C5)F)Cl)OC
69436785,CN(C)CC(=O)N1CCC[C@H](C1)COC2=C(C=C3C(=C2)N=CN=C3NC4=C(C=C(C=C4)Cl)F)OC,CN(C)CC(=O)N1CCCC(C1)COC2=C(C=C3C(=C2)N=CN=C3NC4=C(C=C(C=C4)Cl)F)OC
11167092,CN1CCC(CC1)OC2=C(C=C3C(=C2)C(=NC=N3)NC4=CC(=C(C=C4)F)Cl)OCCOC,CN1CCC(CC1)OC2=C(C=C3C(=C2)C(=NC=N3)NC4=CC(=C(C=C4)F)Cl)OCCOC
69837420,CNCC(=O)N1CCCC1COC2=C(C=C3C(=C2)C(=NC=N3)NC4=C(C(=CC=C4)Cl)F)OC,CNCC(=O)N1CCCC1COC2=C(C=C3C(=C2)C(=NC=N3)NC4=C(C(=CC=C4)Cl)F)OC
44814818,CCCCN1CCN(CC1=O)C2CCC(CC2)OC3=C(C=C4C(=C3)C(=NC=N4)NC5=C(C(=CC=C5)Cl)F)OC,CCCCN1CCN(CC1=O)C2CCC(CC2)OC3=C(C=C4C(=C3)C(=NC=N4)NC5=C(C(=CC=C5)Cl)F)OC
90991134,CN1CCN(CC1)C(=O)CNC2CCC(CC2)OC3=C(C=C4C(=C3)C(=NC=N4)NC5=CC(=C(C=C5)F)Cl)OC,CN1CCN(CC1)C(=O)CNC2CCC(CC2)OC3=C(C=C4C(=C3)C(=NC=N4)NC5=CC(=C(C=C5)F)Cl)OC
91224363,CC(=O)NCC[N+]1(CCCCC1)OC2=C(C=C3C(=C2)C(=NC=N3)NC4=CC(=C(C=C4)F)Cl)OC,CC(=O)NCC[N+]1(CCCCC1)OC2=C(C=C3C(=C2)C(=NC=N3)NC4=CC(=C(C=C4)F)Cl)OC
52919409,COCCOC1=C(C=C2C(=C1)C(=NC=N2)NC3=CC=CC(=C3)C#C)OCCOC.OS(=O)(=O)O,COCCOC1=C(C=C2C(=C1)C(=NC=N2)NC3=CC=CC(=C3)C#C)OCCOC.OS(=O)(=O)O
89197488,C#CC1=CC(=CC=C1)NC2=NC=NC3=CC(=C(C=C32)OCCC=O)OCCC=O,C#CC1=CC(=CC=C1)NC2=NC=NC3=CC(=C(C=C32)OCCC=O)OCCC=O
134817525,CCOC1=C(C=C2C(=C1)N=CN=C2NC3=CC=CC(=C3)C#C)O,CCOC1=C(C=C2C(=C1)N=CN=C2NC3=CC=CC(=C3)C#C)O
145679795,CC1=CC(=CC(=C1)N(C2=CC=CC=C2)C3=NC=NC4=CC(=C(C=C43)OCCOC)OCCOC)C#C,CC1=CC(=CC(=C1)N(C2=CC=CC=C2)C3=NC=NC4=CC(=C(C=C43)OCCOC)OCCOC)C#C
142379500,CC.CC.CC(C)C1=CC(=CC=C1)NC2=NC=NC3=CC(=C(C=C32)OCCOC)OCCOC,CC.CC.CC(C)C1=CC(=CC=C1)NC2=NC=NC3=CC(=C(C=C32)OCCOC)OCCOC
18770778,COC1=C(C=C2C(=C1)C(=NC=N2)NC3=CC4=C(C=C3)OCCO4)OC.Cl,COC1=C(C=C2C(=C1)C(=NC=N2)NC3=CC4=C(C=C3)OCCO4)OC.Cl
87136205,CCOC(=O)COC1=C(C=C2C(=C1)C(=NC=N2)NC3=CC=CC(=C3)C#C)OC,CCOC(=O)COC1=C(C=C2C(=C1)C(=NC=N2)NC3=CC=CC(=C3)C#C)OC
130438041,COCCOC1=C(C=C2C(=C1)C(=NC=N2)NC3=CC=CC(=C3)C4CC4)OCCOC,COCCOC1=C(C=C2C(=C1)C(=NC=N2)NC3=CC=CC(=C3)C4CC4)OCCOC
58001827,C#CC1=CC(=CC=C1)NC2=NC=NC3=CC(=C(C=C32)O[C@@H]4CCOC4)O[C@H]5CCOC5,C#CC1=CC(=CC=C1)NC2=NC=NC3=CC(=C(C=C32)OC4CCOC4)OC5CCOC5
153457525,CC(=O)COC1=C(C=C2C(=C1)C(=NC=N2)NC3=CC=CC(=C3)C#C)OCCOCC(=O)C(C)(C)C,CC(=O)COC1=C(C=C2C(=C1)C(=NC=N2)NC3=CC=CC(=C3)C#C)OCCOCC(=O)C(C)(C)C
57989740,CC(C)(CO)C1=NC(=C(S1)C2=NC(=NC=C2)N)C3=C(C(=CC=C3)NS(=O)(=O)C4=C(C=CC=C4F)F)F,CC(C)(CO)C1=NC(=C(S1)C2=NC(=NC=C2)N)C3=C(C(=CC=C3)NS(=O)(=O)C4=C(C=CC=C4F)F)F
44462760,CC(C)(C)C1=NC(=C(S1)C2=NC(=NC=C2)N)C3=C(C(=CC=C3)NS(=O)(=O)C4=C(C=CC=C4F)F)F,CC(C)(C)C1=NC(=C(S1)C2=NC(=NC=C2)N)C3=C(C(=CC=C3)NS(=O)(=O)C4=C(C=CC=C4F)F)F
163832940,CCC1=NC=CC(=N1)C2=C(N=C(S2)C3=CN=CN=C3)C4=C(C(=CC=C4)NS(=O)(=O)C5=C(C=CC=C5F)F)F,CCC1=NC=CC(=N1)C2=C(N=C(S2)C3=CN=CN=C3)C4=C(C(=CC=C4)NS(=O)(=O)C5=C(C=CC=C5F)F)F
57989834,CC1=NC=CC(=N1)C2=C(N=C(S2)C(C)(C)N)C3=C(C(=CC=C3)NS(=O)(=O)C4=C(C=CC=C4F)F)F,CC1=NC=CC(=N1)C2=C(N=C(S2)C(C)(C)N)C3=C(C(=CC=C3)NS(=O)(=O)C4=C(C=CC=C4F)F)F
68344771,CC(C)CS(=O)(=O)NC1=CC=CC(=C1F)C2=C(SC(=N2)C(C)(C)C)C3=NC(=NC=C3)N,CC(C)CS(=O)(=O)NC1=CC=CC(=C1F)C2=C(SC(=N2)C(C)(C)C)C3=NC(=NC=C3)N
71607669,[2H]C([2H])([2H])C(C1=NC(=C(S1)C2=NC(=NC=C2)N)C3=C(C(=CC=C3)NS(=O)(=O)C4=C(C=CC=C4F)F)F)(C([2H])([2H])[2H])C([2H])([2H])[2H],CC(C)(C)C1=NC(=C(S1)C2=NC(=NC=C2)N)C3=C(C(=CC=C3)NS(=O)(=O)C4=C(C=CC=C4F)F)F
118428214,CC(C)(C)C1=NC(=C(S1)C2=CN=C(N=C2)N)C3=C(C(=CC=C3)NS(=O)(=O)C4=C(C=CC=C4F)F)F,CC(C)(C)C1=NC(=C(S1)C2=CN=C(N=C2)N)C3=C(C(=CC=C3)NS(=O)(=O)C4=C(C=CC=C4F)F)F
57989896,CC1=C(C=C(C=C1)F)S(=O)(=O)NC2=CC=CC(=C2F)C3=C(SC(=N3)C(C)(C)C)C4=NC(=NC=C4)N,CC1=C(C=C(C=C1)F)S(=O)(=O)NC2=CC=CC(=C2F)C3=C(SC(=N3)C(C)(C)C)C4=NC(=NC=C4)N
163495057,CCC1=NC=CC(=N1)C2=C(N=C(S2)NCC(F)(F)F)C3=C(C(=CC=C3)NS(=O)(=O)C4=C(C=CC=C4F)F)F,CCC1=NC=CC(=N1)C2=C(N=C(S2)NCC(F)(F)F)C3=C(C(=CC=C3)NS(=O)(=O)C4=C(C=CC=C4F)F)F
162773209,CSC1=NC=CC(=N1)C2=C(N=C(S2)N)C3=C(C(=CC=C3)NS(=O)(=O)C4=C(C=CC=C4F)F)F,CSC1=NC=CC(=N1)C2=C(N=C(S2)N)C3=C(C(=CC=C3)NS(=O)(=O)C4=C(C=CC=C4F)F)F
144080026,CC1(CCN(C1)CC(=O)N2CCN(CC2)C3=NC=C(C=C3)C4=NC=CC=N4)C(=O)NC5=CC6=C(C=C5)NN=C6C7=CC=C(C=C7)F,CC1(CCN(C1)CC(=O)N2CCN(CC2)C3=NC=C(C=C3)C4=NC=CC=N4)C(=O)NC5=CC6=C(C=C5)NN=C6C7=CC=C(C=C7)F
57686123,C1CN(CC1C(=O)NC2=CC3=C(C=C2)C(=NN3)C4=CC=C(C=C4)F)CC(=O)N5CCN(CC5)C6=NC=C(C=C6)C7=NC=CC=N7,C1CN(CC1C(=O)NC2=CC3=C(C=C2)C(=NN3)C4=CC=C(C=C4)F)CC(=O)N5CCN(CC5)C6=NC=C(C=C6)C7=NC=CC=N7
24866473,C1CN(C[C@@H]1C(=O)NC2=CC3=C(C=C2)NN=C3C4=CC=NC=C4)CC(=O)N5CCN(CC5)C6=CC=C(C=C6)C7=NC=C(C=N7)F,C1CN(CC1C(=O)NC2=CC3=C(C=C2)NN=C3C4=CC=NC=C4)CC(=O)N5CCN(CC5)C6=CC=C(C=C6)C7=NC=C(C=N7)F
135973393,C1CN(C[C@@H]1C(=O)NC2=CC3=C(C=C2)NN=C3/C(=N/O)/N)CC(=O)N4CCN(CC4)C5=CC=C(C=C5)C6=NC=CC=N6,C1CN(CC1C(=O)NC2=CC3=C(C=C2)NN=C3C(=NO)N)CC(=O)N4CCN(CC4)C5=CC=C(C=C5)C6=NC=CC=N6
57686545,CC1=NC=CC(=C1)C2=NNC3=C2C=C(C=C3)NC(=O)C4(CCN(C4)CC(=O)N5CCN(CC5)C6=CC=C(C=C6)C7=NC=CC=N7)CC=C,CC1=NC=CC(=C1)C2=NNC3=C2C=C(C=C3)NC(=O)C4(CCN(C4)CC(=O)N5CCN(CC5)C6=CC=C(C=C6)C7=NC=CC=N7)CC=C
71013721,C[C@@H]1CN(CCN1C(=O)CN2CCC(C2)C(=O)NC3=CC4=C(C=C3)NN=C4C5=CC=C(C=C5)F)C6=CC=C(C=C6)C7=NC=C(C=N7)C,CC1CN(CCN1C(=O)CN2CCC(C2)C(=O)NC3=CC4=C(C=C3)NN=C4C5=CC=C(C=C5)F)C6=CC=C(C=C6)C7=NC=C(C=N7)C
57686170,CS[C@]1(CCN(C1)CC(=O)N2CCN(CC2)C3=CC=C(C=C3)C4=NC=CC=N4)C(=O)NC5=CC6=C(C=C5)NN=C6C7=CC(=NC=C7)C8CC8,CSC1(CCN(C1)CC(=O)N2CCN(CC2)C3=CC=C(C=C3)C4=NC=CC=N4)C(=O)NC5=CC6=C(C=C5)NN=C6C7=CC(=NC=C7)C8CC8
71013615,C1CN(C[C@@H]1C(=O)NC2=CC3=C(C=C2)NN=C3C4=CC=NC=C4)CC(=O)N5C[C@@H]6C[C@H]5CN6C7=CC=C(C=C7)C8=NC=CC=N8,C1CN(CC1C(=O)NC2=CC3=C(C=C2)NN=C3C4=CC=NC=C4)CC(=O)N5CC6CC5CN6C7=CC=C(C=C7)C8=NC=CC=N8
143945174,C1CN(C[C@@H]1C(=O)NC2=CC3=C(C=C2)NN=C3C4=CC=NC=C4)CC(=O)N5CCC(CC5)CCC6=CC=C(C=C6)C7=NC=CC=N7,C1CN(CCC1CCC2=CC=C(C=C2)C3=NC=CC=N3)C(=O)CN4CCC(C4)C(=O)NC5=CC6=C(C=C5)NN=C6C7=CC=NC=C7
57686236,C1CN(C[C@H]1C(=O)NC2=CC3=C(C=C2)NN=C3C4=CC=C(C=C4)F)CC(=O)N5CCN(CC5)C6=CC=C(C=C6)C7=NC=CC=N7,C1CN(CC1C(=O)NC2=CC3=C(C=C2)NN=C3C4=CC=C(C=C4)F)CC(=O)N5CCN(CC5)C6=CC=C(C=C6)C7=NC=CC=N7
146528007,CCC(=O)NC1=CC(=CC(=C1)NC(=O)C)N2C3=C(C(=O)N(C(=C3C(=O)N(C2=O)C4CC4)NC5=C(C=C(C=C5)I)F)C)C,CCC(=O)NC1=CC(=CC(=C1)NC(=O)C)N2C3=C(C(=O)N(C(=C3C(=O)N(C2=O)C4CC4)NC5=C(C=C(C=C5)I)F)C)C
89276777,[B]C1=CC(=C(C=C1)NC2=C3C(=C(C(=O)N2C)C)N(C(=O)N(C3=O)C4CC4)C5=CC=CC(=C5)NC(=O)C)F,[B]C1=CC(=C(C=C1)NC2=C3C(=C(C(=O)N2C)C)N(C(=O)N(C3=O)C4CC4)C5=CC=CC(=C5)NC(=O)C)F
163391665,CCN(C)S(=O)(=O)NC1=CC(=CC=C1)N2C3=C(C(=O)N(C(=C3C(=O)N(C2=O)C4CC4)NC5=C(C=C(C=C5)I)F)C)C,CCN(C)S(=O)(=O)NC1=CC(=CC=C1)N2C3=C(C(=O)N(C(=C3C(=O)N(C2=O)C4CC4)NC5=C(C=C(C=C5)I)F)C)C
121225285,[2H]C1=C(C(=C(C(=C1[2H])N2C3=C(C(=O)N(C(=C3C(=O)N(C2=O)C4CC4)NC5=C(C=C(C=C5)I)F)C)C)[2H])NC(=O)C)[2H],CC1=C2C(=C(N(C1=O)C)NC3=C(C=C(C=C3)I)F)C(=O)N(C(=O)N2C4=CC=CC(=C4)NC(=O)C)C5CC5
59717377,CC1=C2C(=C(N(C1=O)C)NC3=C(C=C(C=C3)I)F)C(=O)N(C(=O)N2C4=CC(=CC=C4)N(C(=O)C)S(=O)(=O)N(C)C)C5CC5,CC1=C2C(=C(N(C1=O)C)NC3=C(C=C(C=C3)I)F)C(=O)N(C(=O)N2C4=CC(=CC=C4)N(C(=O)C)S(=O)(=O)N(C)C)C5CC5
59717338,CC1=C2C(=C(N(C1=O)C)NC3=C(C=C(C=C3)I)F)C(=O)N(C(=O)N2C4=CC=CC(=C4)NC(=O)N)C5CC5,CC1=C2C(=C(N(C1=O)C)NC3=C(C=C(C=C3)I)F)C(=O)N(C(=O)N2C4=CC=CC(=C4)NC(=O)N)C5CC5
142722551,CC1=C2C(=C(N(C1=O)C)NC3=C(C=C(C=C3)I)F)C(=O)N(C(=O)N2C4=CC(=CC=C4)N5CC(C5)C(=O)N)C6CC6,CC1=C2C(=C(N(C1=O)C)NC3=C(C=C(C=C3)I)F)C(=O)N(C(=O)N2C4=CC(=CC=C4)N5CC(C5)C(=O)N)C6CC6
59717381,CCC(=O)NC1=CC(=CC=C1)N2C3=C(C(=O)N(C(=C3C(=O)N(C2=O)C4CC4)NC5=C(C=C(C=C5)I)F)C)C,CCC(=O)NC1=CC(=CC=C1)N2C3=C(C(=O)N(C(=C3C(=O)N(C2=O)C4CC4)NC5=C(C=C(C=C5)I)F)C)C
59717168,CC1=C2C(=C(N(C1=O)C)NC3=C(C=C(C=C3)I)F)C(=O)N(C(=O)N2C4=CC=CC(=C4)NS(=O)(=O)N(C)C)C5CC5,CC1=C2C(=C(N(C1=O)C)NC3=C(C=C(C=C3)I)F)C(=O)N(C(=O)N2C4=CC=CC(=C4)NS(=O)(=O)N(C)C)C5CC5
166010651,CC1=C2C(=C(N(C1=O)C)NC3=C(C=C(C=C3)F)F)C(=O)N(C(=O)N2C4=CC=CC(=C4)NC(=O)C)C5CC5,CC1=C2C(=C(N(C1=O)C)NC3=C(C=C(C=C3)F)F)C(=O)N(C(=O)N2C4=CC=CC(=C4)NC(=O)C)C5CC5
5278396,C1COCCN1C2=CC(=O)C=C(O2)C3=C4C(=CC=C3)SC5=CC=CC=C5S4,C1COCCN1C2=CC(=O)C=C(O2)C3=C4C(=CC=C3)SC5=CC=CC=C5S4
11589682,C1COCCN1C2=CC(=O)C3=C(O2)C=CC(=C3)C4=CC=CC5=C4SC6=CC=CC=C56,C1COCCN1C2=CC(=O)C3=C(O2)C=CC(=C3)C4=CC=CC5=C4SC6=CC=CC=C56
44251265,C=CCC1=C(C2=C(C=C1)C(=O)C=C(O2)N3CCOCC3)C4=CC=CC5=C4SC6=CC=CC=C56,C=CCC1=C(C2=C(C=C1)C(=O)C=C(O2)N3CCOCC3)C4=CC=CC5=C4SC6=CC=CC=C56
11441740,C1COCCN1CC2=CC(=O)C3=C(O2)C(=CC=C3)C4=CC=CC5=C4SC6=CC=CC=C56,C1COCCN1CC2=CC(=O)C3=C(O2)C(=CC=C3)C4=CC=CC5=C4SC6=CC=CC=C56
46198363,CC1=C(C2=C(C=C1)C3=CC=CC=C3S2)C4=CC=CC5=C4OC(=CC5=O)N6CCOCC6,CC1=C(C2=C(C=C1)C3=CC=CC=C3S2)C4=CC=CC5=C4OC(=CC5=O)N6CCOCC6
11710293,C1COCCN1C2=CC(=O)C3=C(O2)C=CC(=C3)C4=CSC5=CC=CC=C54,C1COCCN1C2=CC(=O)C3=C(O2)C=CC(=C3)C4=CSC5=CC=CC=C54
90906741,CCC(C)C1=CC2=C(C=C1)SC3=C2C=CC=C3C4=CC=CC5=C4OC(=CC5=O)N6CCOCC6,CCC(C)C1=CC2=C(C=C1)SC3=C2C=CC=C3C4=CC=CC5=C4OC(=CC5=O)N6CCOCC6
60200387,CC1=C(C2=C(C=C1)C(=O)C=C(O2)N3CCOCC3)C4=CC=CC5=C4SC6=CC=CC=C56,CC1=C(C2=C(C=C1)C(=O)C=C(O2)N3CCOCC3)C4=CC=CC5=C4SC6=CC=CC=C56
11567907,C1CCC2=C(C1)C3=C(S2)C(=CC=C3)C4=CC=CC5=C4OC(=CC5=O)N6CCOCC6,C1CCC2=C(C1)C3=C(S2)C(=CC=C3)C4=CC=CC5=C4OC(=CC5=O)N6CCOCC6
11717521,C1COCCN1C2=CC(=O)C3=C(O2)C(=CC=C3)C4=CSC5=CC=CC=C54,C1COCCN1C2=CC(=O)C3=C(O2)C(=CC=C3)C4=CSC5=CC=CC=C54
54757259,COC1=CC2=C(C=C1)SC3=C2C=CC=C3C4=CC=CC5=C4OC(=CC5=O)N6CCOCC6,COC1=CC2=C(C=C1)SC3=C2C=CC=C3C4=CC=CC5=C4OC(=CC5=O)N6CCOCC6
145925627,[2H]C1(C(C1([2H])C(=O)N2CCN(CC2)C(=O)C3=C(C=CC(=C3)CC4=NNC(=O)C5=CC=CC=C54)F)([2H])[2H])[2H],C1CC1C(=O)N2CCN(CC2)C(=O)C3=C(C=CC(=C3)CC4=NNC(=O)C5=CC=CC=C54)F
144391790,CC.CN1CCN(CC1)C(=O)C2=C(C=CC(=C2)CC3=NNC(=O)C4=CC=CC=C43)F.C1CC1C=O,CC.CN1CCN(CC1)C(=O)C2=C(C=CC(=C2)CC3=NNC(=O)C4=CC=CC=C43)F.C1CC1C=O
73214036,C[C@H]1CN(CCN1C(=O)C2=C(C=CC(=C2)CC3=NNC(=O)C4=CC=CC=C43)F)C(=O)C5CC5,CC1CN(CCN1C(=O)C2=C(C=CC(=C2)CC3=NNC(=O)C4=CC=CC=C43)F)C(=O)C5CC5
73214037,C[C@@H]1CN(CCN1C(=O)C2=C(C=CC(=C2)CC3=NNC(=O)C4=CC=CC=C43)F)C(=O)C5CC5,CC1CN(CCN1C(=O)C2=C(C=CC(=C2)CC3=NNC(=O)C4=CC=CC=C43)F)C(=O)C5CC5
121369926,CC(C)N1C(=O)C2=CC=CC=C2C(=N1)CC3=CC(=C(C=C3)F)C(=O)N4CCN(CC4)C(=O)C5CC5,CC(C)N1C(=O)C2=CC=CC=C2C(=N1)CC3=CC(=C(C=C3)F)C(=O)N4CCN(CC4)C(=O)C5CC5
78673863,C1CC1C(=O)N2CCN(C=C2)C(=O)C3=C(C=CC(=C3)CC4=NNC(=O)C5=CC=CC=C54)F,C1CC1C(=O)N2CCN(C=C2)C(=O)C3=C(C=CC(=C3)CC4=NNC(=O)C5=CC=CC=C54)F
155308005,CC(C)CC1CCN(CC1)C(=O)C2=C(C=CC(=C2)CC3=NNC(=O)C4=CC=CC=C43)F,CC(C)CC1CCN(CC1)C(=O)C2=C(C=CC(=C2)CC3=NNC(=O)C4=CC=CC=C43)F
73214104,C[C@H]1CN(CCN1C(=O)C2=C(C=CC(=C2)CC3=NNC(=O)C4=CC=CC=C43)F)C(=O)C(C)C,CC1CN(CCN1C(=O)C2=C(C=CC(=C2)CC3=NNC(=O)C4=CC=CC=C43)F)C(=O)C(C)C
145396315,C1CC=C2C(=C1)C(=NNC2=O)CC3=CC(=C(C=C3)F)C(=O)N4CCN(CC4)C(=O)C5CC5,C1CC=C2C(=C1)C(=NNC2=O)CC3=CC(=C(C=C3)F)C(=O)N4CCN(CC4)C(=O)C5CC5
67304299,C1CC1C(=O)N2CCN(CC2)C(=O)C3=C(C=CC(=C3)CC4=NNCC5=CC=CC=C54)F,C1CC1C(=O)N2CCN(CC2)C(=O)C3=C(C=CC(=C3)CC4=NNCC5=CC=CC=C54)F
71010603,CC[C@](C)(CC1=NC(=C2N1C=CN=C2N)C3=CC4=C(C=C3)C=CC(=N4)C5=CC=CC=C5)O,CCC(C)(CC1=NC(=C2N1C=CN=C2N)C3=CC4=C(C=C3)C=CC(=N4)C5=CC=CC=C5)O
129216200,CC1(CC(C1)C2=NC=C3N2C=C(N=C3N)C4=CC5=C(C=C4)C=CC(=N5)C6=CC=CC=C6)O,CC1(CC(C1)C2=NC=C3N2C=C(N=C3N)C4=CC5=C(C=C4)C=CC(=N5)C6=CC=CC=C6)O
11640390,CC1(CC(C1)C2=NC(=C3N2C=CN=C3N)C4=CC5=C(C=C4)C=CC(=N5)C6=CC=CC=C6)O,CC1(CC(C1)C2=NC(=C3N2C=CN=C3N)C4=CC5=C(C=C4)C=CC(=N5)C6=CC=CC=C6)O
57680923,CC1=C(C=CC2=C1N=C(C=C2)C3=CC=CC=C3)C4=C5C(=NC=CN5C(=N4)C6CC(C6)(C)O)N,CC1=C(C=CC2=C1N=C(C=C2)C3=CC=CC=C3)C4=C5C(=NC=CN5C(=N4)C6CC(C6)(C)O)N
11589565,C1C(CC1O)C2=NC(=C3N2C=CN=C3N)C4=CC5=C(C=C4)C=CC(=N5)C6=CC=CC=C6,C1C(CC1O)C2=NC(=C3N2C=CN=C3N)C4=CC5=C(C=C4)C=CC(=N5)C6=CC=CC=C6
71010602,CC(C)(CCC1=NC(=C2N1C=CN=C2N)C3=CC4=C(C=C3)C=CC(=N4)C5=CC=CC=C5)O,CC(C)(CCC1=NC(=C2N1C=CN=C2N)C3=CC4=C(C=C3)C=CC(=N4)C5=CC=CC=C5)O
143495223,C1C(CC1ON)C2=NC(=C3N2C=CN=C3N)C4=CC5=C(C=C4)C=CC(=N5)C6=CC=CC=C6,C1C(CC1ON)C2=NC(=C3N2C=CN=C3N)C4=CC5=C(C=C4)C=CC(=N5)C6=CC=CC=C6
11656118,C1CCN(C1)CC2(CC(C2)C3=NC(=C4N3C=CN=C4N)C5=CC6=C(C=C5)C=CC(=N6)C7=CC=CC=C7)O,C1CCN(C1)CC2(CC(C2)C3=NC(=C4N3C=CN=C4N)C5=CC6=C(C=C5)C=CC(=N6)C7=CC=CC=C7)O
140509147,CC(=NC)C1(CC(C1)C2=NC(=C3N2C=CN=C3N)C4=CC5=C(C=C4)C=CC(=N5)C6=CC=CC=C6)O,CC(=NC)C1(CC(C1)C2=NC(=C3N2C=CN=C3N)C4=CC5=C(C=C4)C=CC(=N5)C6=CC=CC=C6)O
24861348,CC1=CC(=NC2=C1C=CC(=C2F)C3=C4C(=NC=CN4C(=N3)C5CC(C5)O)N)C6=CC=CC=C6,CC1=CC(=NC2=C1C=CC(=C2F)C3=C4C(=NC=CN4C(=N3)C5CC(C5)O)N)C6=CC=CC=C6
57874884,C1C[C@H](CNC1)NC(=O)[C@@H]2CCCN2C3=NN4C=CC=C4C(=N3)NC5=NNC(=C5)C6CC6,C1CC(CNC1)NC(=O)C2CCCN2C3=NN4C=CC=C4C(=N3)NC5=NNC(=C5)C6CC6
152901734,C1CC1C2=CC(=NN2)NC3=NC(=NN4C3=CC=C4)N5C[C@H](C[C@H]5C(=O)NC6=CN=C(C=C6)F)N=NN,C1CC1C2=CC(=NN2)NC3=NC(=NN4C3=CC=C4)N5CC(CC5C(=O)NC6=CN=C(C=C6)F)N=NN
89150074,C1CC1C2=CC(=NN2)NC3=NC(=NN4C3=CC=C4)N5C[C@@H](C[C@H]5C(=O)NC6=CN=C(C=C6)F)S,C1CC1C2=CC(=NN2)NC3=NC(=NN4C3=CC=C4)N5CC(CC5C(=O)NC6=CN=C(C=C6)F)S
57680677,C1C[C@H](CN(C1)C(=O)[C@@H]2CCCN2C3=NN4C=CC=C4C(=N3)NC5=NNC(=C5)C6CC6)N,C1CC(CN(C1)C(=O)C2CCCN2C3=NN4C=CC=C4C(=N3)NC5=NNC(=C5)C6CC6)N
57680736,C[C@]1(CCCN1C2=NN3C=CC=C3C(=N2)NC4=NNC(=C4)C5CC5)C(=O)NC6=CN=C(C=C6)C(F)(F)F,CC1(CCCN1C2=NN3C=CC=C3C(=N2)NC4=NNC(=C4)C5CC5)C(=O)NC6=CN=C(C=C6)C(F)(F)F
57680772,C[C@]1(CCCN1C2=NN3C=CC=C3C(=N2)NC4=NNC(=C4)C5CC5)C(=O)NC6=CC(=NC=C6)F,CC1(CCCN1C2=NN3C=CC=C3C(=N2)NC4=NNC(=C4)C5CC5)C(=O)NC6=CC(=NC=C6)F
57680665,CN1CCC(CC1)NC(=O)[C@@H]2CCCN2C3=NN4C=CC=C4C(=N3)NC5=NNC(=C5)C6CC6,CN1CCC(CC1)NC(=O)C2CCCN2C3=NN4C=CC=C4C(=N3)NC5=NNC(=C5)C6CC6
24785806,C1C[C@H](N(C1)C2=NN3C=CC=C3C(=N2)NC4=NNC(=C4)C5CC5)C(=O)NC6=CN=C(C=C6)F,C1CC(N(C1)C2=NN3C=CC=C3C(=N2)NC4=NNC(=C4)C5CC5)C(=O)NC6=CN=C(C=C6)F
71017076,C[C@H]1C[C@H](N(C1)C2=NN3C=CC=C3C(=N2)NC4=NNC(=C4)C5CC5)C(=O)NC6=CN=C(C=C6)F,CC1CC(N(C1)C2=NN3C=CC=C3C(=N2)NC4=NNC(=C4)C5CC5)C(=O)NC6=CN=C(C=C6)F
89150061,C1CC1C2=CC(=NN2)NC3=NC(=NN4C3=CC=C4)N5C[C@H](C[C@H]5C(=O)NC6=CN=C(C=C6)F)N7CC(C=N7)Br,C1CC1C2=CC(=NN2)NC3=NC(=NN4C3=CC=C4)N5CC(CC5C(=O)NC6=CN=C(C=C6)F)N7CC(C=N7)Br
22379809,CC(C)(C)C1=NN(C(=C1)NC(=O)NC2=CC=C(C3=CC=CC=C32)OCCN4CCOCC4)C5=CC=C(C=C5)NC(=O)NCC6=CC=CC=C6,CC(C)(C)C1=NN(C(=C1)NC(=O)NC2=CC=C(C3=CC=CC=C32)OCCN4CCOCC4)C5=CC=C(C=C5)NC(=O)NCC6=CC=CC=C6
11049675,CC1=CC=C(C=C1)N2C(=CC(=N2)C(C)(C)C)NC(=O)NC3=CC=C(C4=CC=CC=C43)OCCN5CCCCC5,CC1=CC=C(C=C1)N2C(=CC(=N2)C(C)(C)C)NC(=O)NC3=CC=C(C4=CC=CC=C43)OCCN5CCCCC5
10207775,CC1(CC1)C2=NN(C(=C2)NC(=O)NC3=CC=C(C4=CC=CC=C43)OCCN5CCOCC5)C6=CC=CC=C6,CC1(CC1)C2=NN(C(=C2)NC(=O)NC3=CC=C(C4=CC=CC=C43)OCCN5CCOCC5)C6=CC=CC=C6
22147190,CC1=CC=C(C=C1)N2C(=CC(=N2)C(C)(C)C)NC(=O)NC3=CC=C(C4=CC=CC=C43)OCCN5CCOC6=CC=CC=C65,CC1=CC=C(C=C1)N2C(=CC(=N2)C(C)(C)C)NC(=O)NC3=CC=C(C4=CC=CC=C43)OCCN5CCOC6=CC=CC=C65
11060841,CC(=O)NC1=CC(=CC=C1)N2C(=CC(=N2)C(C)(C)C)NC(=O)NC3=CC=C(C4=CC=CC=C43)OCCN5CCOCC5,CC(=O)NC1=CC(=CC=C1)N2C(=CC(=N2)C(C)(C)C)NC(=O)NC3=CC=C(C4=CC=CC=C43)OCCN5CCOCC5
10187148,C1CCC(CC1)C2=NN(C(=C2)NC(=O)NC3=CC=C(C4=CC=CC=C43)OCCN5CCOCC5)C6=CC=CC=C6,C1CCC(CC1)C2=NN(C(=C2)NC(=O)NC3=CC=C(C4=CC=CC=C43)OCCN5CCOCC5)C6=CC=CC=C6
68107492,CC1=CC=C(C=C1)N2C(=CC(=N2)C(C)(C)C)NC(=O)NC3=CC=C(C4=CC=CC=C43)OCCN5CCOCC5.Cl,CC1=CC=C(C=C1)N2C(=CC(=N2)C(C)(C)C)NC(=O)NC3=CC=C(C4=CC=CC=C43)OCCN5CCOCC5.Cl
70651338,CCCC(C)C1=NN(C(=C1)NC(=O)NC2=CC=C(C3=CC=CC=C32)OCCN4CCOCC4)C5=CC=C(C=C5)C,CCCC(C)C1=NN(C(=C1)NC(=O)NC2=CC=C(C3=CC=CC=C32)OCCN4CCOCC4)C5=CC=C(C=C5)C
69688465,CC1=CC=CC=C1N2C(=CC(=N2)C(C)(C)C)NC(=O)NC3=CC=C(C4=CC=CC=C43)OCCN5CCOCC5,CC1=CC=CC=C1N2C(=CC(=N2)C(C)(C)C)NC(=O)NC3=CC=C(C4=CC=CC=C43)OCCN5CCOCC5
154441477,CC(C)(C)C1=NN(C(=C1)NC(=O)NC2=CC=C(C3=CC=CC=C32)OCCN4CCOCC4CCC5=CC=CC=C5)C,CC(C)(C)C1=NN(C(=C1)NC(=O)NC2=CC=C(C3=CC=CC=C32)OCCN4CCOCC4CCC5=CC=CC=C5)C
166812093,CC1=CC(=NN1)NC2=NC(=NC(=C2)C3CCN(CC3)C(C)(C)C)SC4=CC=C(C=C4)NC(=O)C5CC5,CC1=CC(=NN1)NC2=NC(=NC(=C2)C3CCN(CC3)C(C)(C)C)SC4=CC=C(C=C4)NC(=O)C5CC5
89171520,CC1=CC(=NN1)NC2=CC(=NC(=N2)SC3=CC=C(C=C3)NC(=O)C4CC4)N5CCN(CC5)CCCCCC(=C)NO,CC1=CC(=NN1)NC2=CC(=NC(=N2)SC3=CC=C(C=C3)NC(=O)C4CC4)N5CCN(CC5)CCCCCC(=C)NO
68099076,CCCC1=CC(=NN1)NC2=NC(=NC(=N2)SC3=CC=C(C=C3)NC(=O)CC)N4CCN(CC4)C,CCCC1=CC(=NN1)NC2=NC(=NC(=N2)SC3=CC=C(C=C3)NC(=O)CC)N4CCN(CC4)C
126710518,CC1=CC(=NN1)NC2=CC(=NC(=N2)SC3=CC=C(C=C3)NC(=O)C4CC4)N5CCN(CC5)C(=O)CCC(C)C,CC1=CC(=NN1)NC2=CC(=NC(=N2)SC3=CC=C(C=C3)NC(=O)C4CC4)N5CCN(CC5)C(=O)CCC(C)C
10071957,CCC(=O)NC1=CC=C(C=C1)SC2=NC(=CC(=N2)N(C)CCNC)NC3=NNC(=C3)C,CCC(=O)NC1=CC=C(C=C1)SC2=NC(=CC(=N2)N(C)CCNC)NC3=NNC(=C3)C
25071500,CCC(=O)NC1=CC=C(C=C1)SC2=NC(=CC(=N2)N3CCC(CC3)N(C)C(C)(C)C)NC4=NNC(=C4)C,CCC(=O)NC1=CC=C(C=C1)SC2=NC(=CC(=N2)N3CCC(CC3)N(C)C(C)(C)C)NC4=NNC(=C4)C
10388447,CCC(=O)NC1=CC=C(C=C1)SC2=NC(=CC(=N2)N3CCNCC3)NC4=NNC(=C4)C,CCC(=O)NC1=CC=C(C=C1)SC2=NC(=CC(=N2)N3CCNCC3)NC4=NNC(=C4)C
10434706,CCC(=O)NC1=CC=C(C=C1)SC2=NC(=CC(=N2)N3CC(NC(C3)C)C)NC4=NNC(=C4)C,CCC(=O)NC1=CC=C(C=C1)SC2=NC(=CC(=N2)N3CC(NC(C3)C)C)NC4=NNC(=C4)C
25125482,[2H]N1C(=CC(=N1)N([2H])C2=CC(=NC(=N2)SC3=CC=C(C=C3)NC(=O)C4CC4)N5CCN(CC5)C)C,CC1=CC(=NN1)NC2=CC(=NC(=N2)SC3=CC=C(C=C3)NC(=O)C4CC4)N5CCN(CC5)C
25125819,[2H]N1C(=CC(=N1)N([2H])C2=CC(=NC(=N2)SC3=CC=C(C=C3)NC(=O)C4CC4)N5CCN(CC5)C)C.OP(=O)(O)O,CC1=CC(=NN1)NC2=CC(=NC(=N2)SC3=CC=C(C=C3)NC(=O)C4CC4)N5CCN(CC5)C.OP(=O)(O)O
66550892,COC1=C(C=C2C(=C1)C(=NC=N2)NC3=CC=C(C=C3)NC(=O)C4=CC=C(C=C4)Cl)OCCCN5CCOCC5,COC1=C(C=C2C(=C1)C(=NC=N2)NC3=CC=C(C=C3)NC(=O)C4=CC=C(C=C4)Cl)OCCCN5CCOCC5
18186973,COC1=C(C=C2C(=C1)C(=NC=N2)NC3=CC(=C(C=C3)F)NC(=O)C4=CC=CC=C4)OCCCN5CCOCC5,COC1=C(C=C2C(=C1)C(=NC=N2)NC3=CC(=C(C=C3)F)NC(=O)C4=CC=CC=C4)OCCCN5CCOCC5
68678178,CNCCCOC1=C(C=C2C(=C1)N=CN=C2NC3=CC=C(C=C3)NC(=O)C4=CC=CC=C4)OC,CNCCCOC1=C(C=C2C(=C1)N=CN=C2NC3=CC=C(C=C3)NC(=O)C4=CC=CC=C4)OC
44528496,COC1=C(C=C2C(=C1)C(=NC=N2)NC3=CC(=CC=C3)NC(=O)C4=CC=CC=C4)OCCCN5CCOCC5,COC1=C(C=C2C(=C1)C(=NC=N2)NC3=CC(=CC=C3)NC(=O)C4=CC=CC=C4)OCCCN5CCOCC5
127029263,CC1=CC=C(C=C1)C(=O)NC2=CC=C(C=C2)NC3=NC=NC4=CC(=C(C=C43)OC)OCCCN5CCOCC5,CC1=CC=C(C=C1)C(=O)NC2=CC=C(C=C2)NC3=NC=NC4=CC(=C(C=C43)OC)OCCCN5CCOCC5
118716791,COC1=C(C=C2C(=C1)C(=NC=N2)NC3=CC=C(C=C3)NC(=O)C4=CC=CC=C4)OCC(=O)N,COC1=C(C=C2C(=C1)C(=NC=N2)NC3=CC=C(C=C3)NC(=O)C4=CC=CC=C4)OCC(=O)N
127028313,CC1=CC=C(C=C1)C(=O)NC2=CC=C(C=C2)NC3=NC=NC4=CC(=C(C=C43)OC)OCCCN5CCN(CC5)C,CC1=CC=C(C=C1)C(=O)NC2=CC=C(C=C2)NC3=NC=NC4=CC(=C(C=C43)OC)OCCCN5CCN(CC5)C
76071163,COC1=CC=C(C=C1)C(=O)NC2=NC=NC3=CC(=C(C=C32)OC)OCCCN4CCOCC4,COC1=CC=C(C=C1)C(=O)NC2=NC=NC3=CC(=C(C=C32)OC)OCCCN4CCOCC4
127028969,CN1CCN(CC1)CCCOC2=C(C=C3C(=C2)N=CN=C3NC4=CC=C(C=C4)NC(=O)C5=CC=C(C=C5)OC)OC,CN1CCN(CC1)CCCOC2=C(C=C3C(=C2)N=CN=C3NC4=CC=C(C=C4)NC(=O)C5=CC=C(C=C5)OC)OC
76071160,CCN(CC)CCCOC1=C(C=C2C(=C1)N=CN=C2NC3=CC=C(C=C3)NC(=O)C4=CC=CC=C4)OC,CCN(CC)CCCOC1=C(C=C2C(=C1)N=CN=C2NC3=CC=C(C=C3)NC(=O)C4=CC=CC=C4)OC
88912275,C[C@H]1C[C@@H]2[C@](CO2)([C@H]3[C@@]1(C(=O)[C@@H]([C@@H]4C([C@H](C[C@@]([C@@H]3OC(=O)C5=CC=CC=C5)(C4(C)C)O)OC(=O)[C@@H]([C@H](C6=CC=CC=C6)NC(=O)C7=CC=CC=C7)OC(=O)CCC(=O)C(C)(C)C)C)OC(=O)C)C)OC(=O)C,CC1CC2C(CO2)(C3C1(C(=O)C(C4C(C(CC(C3OC(=O)C5=CC=CC=C5)(C4(C)C)O)OC(=O)C(C(C6=CC=CC=C6)NC(=O)C7=CC=CC=C7)OC(=O)CCC(=O)C(C)(C)C)C)OC(=O)C)C)OC(=O)C
117590628,CC1=C2[C@H](C(=O)[C@@]3([C@H](C[C@@H]4[C@]([C@H]3[C@@H]([C@@](C2(C)C)(C[C@@H]1OC(=O)[C@H]([C@@H](C5=CC=CC=C5)NC(=O)C6=CC=CC=C6)O)O)OC(=O)C7=CC=CC=C7)(CO4)OC(=O)C)O[C@H]8[C@@H]([C@H]([C@@H](CO8)O)O)O)C)OC(=O)C,CC1=C2C(C(=O)C3(C(CC4C(C3C(C(C2(C)C)(CC1OC(=O)C(C(C5=CC=CC=C5)NC(=O)C6=CC=CC=C6)O)O)OC(=O)C7=CC=CC=C7)(CO4)OC(=O)C)OC8C(C(C(CO8)O)O)O)C)OC(=O)C
163335573,CC1=C2[C@H](C(=O)[C@]3([C@@H](C[C@@H]4[C@]([C@@H]3[C@@H]([C@@](C2(C)C)(C[C@H]1OC(=O)[C@@H]([C@@H](C5=CC=CC=C5)NC(=O)OC(C)(C)C)O)O)OC(=O)C6=CC=CC=C6)(CO4)OC(=O)C)OC)C)OC,CC1=C2C(C(=O)C3(C(CC4C(C3C(C(C2(C)C)(CC1OC(=O)C(C(C5=CC=CC=C5)NC(=O)OC(C)(C)C)O)O)OC(=O)C6=CC=CC=C6)(CO4)OC(=O)C)OC)C)OC
158353335,C/C=C(\C)/C(=O)N[C@@H](C1=CC=CC=C1)[C@H](C(=O)O[C@H]2C[C@]3(C(C4[C@@]([C@H](C[C@@H]5[C@]4(CO5)OC(=O)C)O)(C(=O)[C@@H](C(=C2C)C3(C)C)C)C)OC(=O)C6=CC=CC=C6)O)O,CC=C(C)C(=O)NC(C1=CC=CC=C1)C(C(=O)OC2CC3(C(C4C(C(CC5C4(CO5)OC(=O)C)O)(C(=O)C(C(=C2C)C3(C)C)C)C)OC(=O)C6=CC=CC=C6)O)O
54751089,CC1=C2[C@H](C(=O)[C@@]3([C@H](C[C@@H]4[C@](C3C([C@@](C2(C)C)(C[C@@H]1OC(=O)[C@@H]([C@H](C5=CC=CC=C5)NC(=O)C6=CC=CC=C6)O)O)OC(=O)C7=C(C=C(C=C7)F)F)(CO4)OC(=O)C8CC8)O)C)OC(=O)C,CC1=C2C(C(=O)C3(C(CC4C(C3C(C(C2(C)C)(CC1OC(=O)C(C(C5=CC=CC=C5)NC(=O)C6=CC=CC=C6)O)O)OC(=O)C7=C(C=C(C=C7)F)F)(CO4)OC(=O)C8CC8)O)C)OC(=O)C
140887182,CC1=C2[C@H](C(=O)[C@@]3([C@H](C[C@@H]4[C@]([C@H]3[C@@H]([C@@](C2(C)C)(C[C@@H]1OC(=O)[C@@H]([C@H](C5=CC=C(C=C5)[Si](C)(C)O)NC(=O)C6=CC=CC=C6)O)O)OC(=O)C7=CC=CC=C7)(CO4)OC(=O)C)O)C)OC(=O)C,CC1=C2C(C(=O)C3(C(CC4C(C3C(C(C2(C)C)(CC1OC(=O)C(C(C5=CC=C(C=C5)[Si](C)(C)O)NC(=O)C6=CC=CC=C6)O)O)OC(=O)C7=CC=CC=C7)(CO4)OC(=O)C)O)C)OC(=O)C
54525251,CC1=C2C(C(=O)C3(C(CC4C(C3C(C(C2(C)C)(CC1OC(=O)C(C(C5=CC=CC=C5)NC(=O)C)OP)O)OC(=O)C6=CC=CC=C6)(CO4)OC(=O)C)O)C)[O-],CC1=C2C(C(=O)C3(C(CC4C(C3C(C(C2(C)C)(CC1OC(=O)C(C(C5=CC=CC=C5)NC(=O)C)OP)O)OC(=O)C6=CC=CC=C6)(CO4)OC(=O)C)O)C)[O-]
123748314,CC1[C@H](C[C@]2(C([C@H]3[C@@]([C@H](C[C@@H]4[C@]3(CO4)OC(=O)C)O)(C(=O)C(=O)C1C2(C)C)C)OC(=O)C5=CC=CC=C5)O)OC(=O)[C@@H]([C@H](C6=CC=CC=C6)NC(=O)OC(C)(C)C)O,CC1C(CC2(C(C3C(C(CC4C3(CO4)OC(=O)C)O)(C(=O)C(=O)C1C2(C)C)C)OC(=O)C5=CC=CC=C5)O)OC(=O)C(C(C6=CC=CC=C6)NC(=O)OC(C)(C)C)O
10843151,CC1=C2[C@H](C(=O)[C@@]3([C@H](C[C@@H]4[C@]([C@H]3[C@@H]([C@@](C2(C)C)(C[C@@H]1OC(=O)[C@@H]([C@H](C5=CC=CC=C5)NC(=O)C6=CC=CC=C6)O)O)OC(=O)C7=CC=CC=C7)(CO4)OC)O)C)OC(=O)C,CC1=C2C(C(=O)C3(C(CC4C(C3C(C(C2(C)C)(CC1OC(=O)C(C(C5=CC=CC=C5)NC(=O)C6=CC=CC=C6)O)O)OC(=O)C7=CC=CC=C7)(CO4)OC)O)C)OC(=O)C
146157905,CCC=CCC=CCC=CCC=CCC=CCC=CCCC(=O)OC(C(C1=CC=CC=C1)NC(=O)C2=CC=CC=C2)C(=O)OC3C[C@]4(C(C5[C@@](C(CC6[C@]5(CO6)OC(=O)C)O)(C(=O)C(C(=C3C)C4(C)C)OC(=O)C)C)OC(=O)C7=CC=CC=C7)O,CCC=CCC=CCC=CCC=CCC=CCC=CCCC(=O)OC(C(C1=CC=CC=C1)NC(=O)C2=CC=CC=C2)C(=O)OC3CC4(C(C5C(C(CC6C5(CO6)OC(=O)C)O)(C(=O)C(C(=C3C)C4(C)C)OC(=O)C)C)OC(=O)C7=CC=CC=C7)O
21140782,CC[C@]12C=CCN3[C@H]1[C@@]4(CC3)[C@@H](C(C2OC(=O)C)(C(=O)OC)O)N(C5=CC(=C(C=C45)C6(CCCCCC7=C6NC8=CC=CC=C78)C(=O)OC)OC)C,CCC12C=CCN3C1C4(CC3)C(C(C2OC(=O)C)(C(=O)OC)O)N(C5=CC(=C(C=C45)C6(CCCCCC7=C6NC8=CC=CC=C78)C(=O)OC)OC)C
10395645,CC[C@@]12C=CCN3[C@@H]1[C@]4(CC3)[C@H]([C@]([C@@H]2OC(=O)C)(C(=O)OC)O)N(C5=CC(=C(C=C45)C6(C[C@H]7CC8CCCCC8N(C7)CCC9=C6NC1=CC=CC=C91)C(=O)OC)OC)C,CCC12C=CCN3C1C4(CC3)C(C(C2OC(=O)C)(C(=O)OC)O)N(C5=CC(=C(C=C45)C6(CC7CC8CCCCC8N(C7)CCC9=C6NC1=CC=CC=C91)C(=O)OC)OC)C
10866070,CC[C@@]1(C[C@@H]2C[C@](C3=C(CCC[N+](C2)(C1)CC4=CC=CC=C4)C5=CC=CC=C5N3)(C6=C(C=C7C(=C6)[C@]89CCN1[C@H]8[C@@](C=CC1)([C@H]([C@@]([C@@H]9N7C)(C(=O)OC)O)OC(=O)C)CC)OC)C(=O)OC)O,CCC1(CC2CC(C3=C(CCC[N+](C2)(C1)CC4=CC=CC=C4)C5=CC=CC=C5N3)(C6=C(C=C7C(=C6)C89CCN1C8C(C=CC1)(C(C(C9N7C)(C(=O)OC)O)OC(=O)C)CC)OC)C(=O)OC)O
101938480,CCC1=C[C@@H]2C[C@@](C3=C(CN(C2)C1)C4=C(N3)C=C(C=C4)O)(C5=C(C=C6C(=C5)[C@]78CCN9[C@H]7[C@@](C=CC9)([C@H]([C@@]([C@@H]8N6C)(C(=O)OC)O)OC(=O)C)CC)OC)C(=O)OC,CCC1=CC2CC(C3=C(CN(C2)C1)C4=C(N3)C=C(C=C4)O)(C5=C(C=C6C(=C5)C78CCN9C7C(C=CC9)(C(C(C8N6C)(C(=O)OC)O)OC(=O)C)CC)OC)C(=O)OC
327791,CC[C@@]12C=CCN3[C@@H]1[C@]4(CC3)[C@H]([C@]([C@@H]2OC(=O)C)(C(=O)OC)O)N(C5=CC(=C(C=C45)[C@]6(C7[C@H]8CC(O7)(CN(C8)CCC9=C6NC1=CC=CC=C91)CC)C(=O)OC)OC)C,CCC12CC3CN(C1)CCC4=C(C(C3O2)(C5=C(C=C6C(=C5)C78CCN9C7C(C=CC9)(C(C(C8N6C)(C(=O)OC)O)OC(=O)C)CC)OC)C(=O)OC)NC1=CC=CC=C41
59281088,CC[C@@]12C=CCN3[C@@H]1[C@]4(CC3)[C@H]([C@]([C@@H]2OC(=O)C)(C(=O)OC)O)N(C5=CC(=C(C=C45)[C@]6(CC7CC(CN(C7)CCC8=C6NC9=CC=CC=C89)(C(C)(F)F)O)C(=O)OC)OC)C,CCC12C=CCN3C1C4(CC3)C(C(C2OC(=O)C)(C(=O)OC)O)N(C5=CC(=C(C=C45)C6(CC7CC(CN(C7)CCC8=C6NC9=CC=CC=C89)(C(C)(F)F)O)C(=O)OC)OC)C
146290046,CCC1=C[C@H]2C[C@@](C3=C(CN(C2)C1)C4=CC=CC=C4N3)(C5=C(C=C6C(=C5)[C@]78CCN9[C@@H]7[C@](C=CC9)([C@H]([C@@]([C@@H]8N6C)(C(=O)OC)O)OC(=O)C)CC)OC)C(=O)OC,CCC1=CC2CC(C3=C(CN(C2)C1)C4=CC=CC=C4N3)(C5=C(C=C6C(=C5)C78CCN9C7C(C=CC9)(C(C(C8N6C)(C(=O)OC)O)OC(=O)C)CC)OC)C(=O)OC
24848381,CC[C@@]1(C[C@@H]2C[C@@](C3=C(CC[NH+](C2)C1)C4=CC=CC=C4N3)(C5=C(C=C6C(=C5)[C@]78CC[NH+]9[C@H]7[C@@](C=CC9)([C@H]([C@@]([C@@H]8N6C=O)(C(=O)OC)O)OC(=O)C)CC)OC)C(=O)OC)O,CCC1(CC2CC(C3=C(CC[NH+](C2)C1)C4=CC=CC=C4N3)(C5=C(C=C6C(=C5)C78CC[NH+]9C7C(C=CC9)(C(C(C8N6C=O)(C(=O)OC)O)OC(=O)C)CC)OC)C(=O)OC)O
11239981,CC[C@@]1(C[C@@H]2C[C@@](C3=C(CCN(C2)C1)C4=C(N3)C=CC(=C4)N5CCCCC5)(C6=C(C=C7C(=C6)[C@]89CCN1[C@H]8[C@@](C=CC1)([C@H]([C@@](C9N7C)(C(=O)OC)O)OC(=O)C)CC)OC)C(=O)OC)O,CCC1(CC2CC(C3=C(CCN(C2)C1)C4=C(N3)C=CC(=C4)N5CCCCC5)(C6=C(C=C7C(=C6)C89CCN1C8C(C=CC1)(C(C(C9N7C)(C(=O)OC)O)OC(=O)C)CC)OC)C(=O)OC)O
59727174,CC[C@@]12C=CCN3[C@@H]1[C@]4(CC3)[C@H]([C@]([C@@H]2OC(=O)C)(C(=O)OC)O)N(C5=CC(=C(C=C45)[C@]6(C[C@H]7CC(CN(C7)CCC8=C6NC9=C8C=C(C=C9)C(C)C)C(C)(F)F)C(=O)OC)OC)C,CCC12C=CCN3C1C4(CC3)C(C(C2OC(=O)C)(C(=O)OC)O)N(C5=CC(=C(C=C45)C6(CC7CC(CN(C7)CCC8=C6NC9=C8C=C(C=C9)C(C)C)C(C)(F)F)C(=O)OC)OC)C
44280591,CC1=C2[C@H]([C@@H]([C@@]3([C@H](C[C@@H]4[C@]([C@H]3[C@@H]([C@@](C2(C)C)(C[C@@H]1OC(=O)[C@@H]([C@H](C5=CC=CC=C5)NC(=O)OC(C)C)O)O)OC(=O)C6=CC=CC=C6)(CO4)OC(=O)C)O)C)O)OC(=O)C,CC1=C2C(C(C3(C(CC4C(C3C(C(C2(C)C)(CC1OC(=O)C(C(C5=CC=CC=C5)NC(=O)OC(C)C)O)O)OC(=O)C6=CC=CC=C6)(CO4)OC(=O)C)O)C)O)OC(=O)C
51029281,CC1=C2C[C@@](C[C@@H]1OC(=O)[C@@H]([C@H](C3=CC=CC=C3)NC(=O)C4=CC=CC=C4)O)(C(C5[C@@]([C@H](C[C@@H]6[C@]5(CO6)OC(=O)C)O)(C(=O)[C@@H]2OC(=O)C)C)OC(=O)C7=CC=CC=C7)O,CC1=C2CC(CC1OC(=O)C(C(C3=CC=CC=C3)NC(=O)C4=CC=CC=C4)O)(C(C5C(C(CC6C5(CO6)OC(=O)C)O)(C(=O)C2OC(=O)C)C)OC(=O)C7=CC=CC=C7)O
10259705,CC1=C2CC(=O)[C@@]3([C@H](C[C@@H]4[C@]([C@H]3[C@@H]([C@@](C2(C)C)(C[C@@H]1OC(=O)[C@@H]([C@H](C5=CC=CC=C5)NC(=O)OC(C)(C)C)O)O)OC(=O)C6=CC=CC=C6)(CO4)OC(=O)C)O)C,CC1=C2CC(=O)C3(C(CC4C(C3C(C(C2(C)C)(CC1OC(=O)C(C(C5=CC=CC=C5)NC(=O)OC(C)(C)C)O)O)OC(=O)C6=CC=CC=C6)(CO4)OC(=O)C)O)C
162623672,CCOC(=O)C.CC1=C2[C@H](C(=O)[C@@]3([C@H](C[C@@H]4[C@]([C@H]3[C@@H]([C@@](C2(C)C)(C[C@@H]1OC(=O)[C@@H]([C@H](C5=CC=CC=C5)NC(=O)OC(C)(C)C)O)O)OC(=O)C6=CC=CC=C6)(CO4)OC(=O)C)OC)C)OC,CCOC(=O)C.CC1=C2C(C(=O)C3(C(CC4C(C3C(C(C2(C)C)(CC1OC(=O)C(C(C5=CC=CC=C5)NC(=O)OC(C)(C)C)O)O)OC(=O)C6=CC=CC=C6)(CO4)OC(=O)C)OC)C)OC
11094194,CCC(=O)O[C@H]1C[C@@H]2[C@@](CO2)([C@@H]3[C@@]1(C(=O)[C@@H](C4=C([C@H](C[C@@]([C@H]3OC(=O)C5=CC=CC=C5)(C4(C)C)O)OC(=O)[C@@H]([C@H](C6=CC=CC=C6)NC(=O)C7=CC=CC=C7)O)C)OC(=O)CC)C)OC(=O)C,CCC(=O)OC1CC2C(CO2)(C3C1(C(=O)C(C4=C(C(CC(C3OC(=O)C5=CC=CC=C5)(C4(C)C)O)OC(=O)C(C(C6=CC=CC=C6)NC(=O)C7=CC=CC=C7)O)C)OC(=O)CC)C)OC(=O)C
117685186,CC1=C2[C@H](C(=O)[C@@]3([C@H](C[C@@H]4[C@]([C@H]3[C@@H]([C@](C2(C)C)(C[C@@H]1OC(=O)[C@@H]([C@H](C5=CC=CC=C5)NC(=O)OC(C)(C)C)OC)O)OC(=O)C6=CC=CC=C6)(CO4)OC(=O)C)OC)C)OC,CC1=C2C(C(=O)C3(C(CC4C(C3C(C(C2(C)C)(CC1OC(=O)C(C(C5=CC=CC=C5)NC(=O)OC(C)(C)C)OC)O)OC(=O)C6=CC=CC=C6)(CO4)OC(=O)C)OC)C)OC
42621361,CC1=C2[C@H](C(=O)[C@@]3([C@H](C[C@@H]4[C@](C3C([C@@]5(C2(C)C)[C@H]([C@@H]1OC(=O)[C@@H]([C@H](C6=CC=CC=C6)NC(=O)OC(C)(C)C)O)OC(=O)O5)OC(=O)C7=CC=CC=C7)(CO4)OC(=O)C)O)C)O,CC1=C2C(C(=O)C3(C(CC4C(C3C(C5(C2(C)C)C(C1OC(=O)C(C(C6=CC=CC=C6)NC(=O)OC(C)(C)C)O)OC(=O)O5)OC(=O)C7=CC=CC=C7)(CO4)OC(=O)C)O)C)O
59888159,CC1=C2C(C(=O)[C@@]3(C(CC4C(C3C(C(C2(C)C)(CC1OC(=O)C(C(C5=CC=CC=C5)NC(=O)C(C)C)O)O)OC(=O)C6=CC=CC=C6)(CO4)OC(=O)C)O)C)OC(=O)C,CC1=C2C(C(=O)C3(C(CC4C(C3C(C(C2(C)C)(CC1OC(=O)C(C(C5=CC=CC=C5)NC(=O)C(C)C)O)O)OC(=O)C6=CC=CC=C6)(CO4)OC(=O)C)O)C)OC(=O)C
9854130,CC1C(O1)(C)C(=O)N[C@@H](C2=CC=CC=C2)[C@H](C(=O)O[C@H]3C[C@]4([C@H](C5[C@@]([C@H](C[C@@H]6[C@]5(CO6)OC(=O)C)O)(C(=O)[C@@H](C(=C3C)C4(C)C)OC(=O)C)C)OC(=O)C7=CC=CC=C7)O)O,CC1C(O1)(C)C(=O)NC(C2=CC=CC=C2)C(C(=O)OC3CC4(C(C5C(C(CC6C5(CO6)OC(=O)C)O)(C(=O)C(C(=C3C)C4(C)C)OC(=O)C)C)OC(=O)C7=CC=CC=C7)O)O
10920114,CCCC(=O)O[C@@H]1C2=C([C@H](C[C@](C2(C)C)([C@H]([C@H]3[C@](C1=O)([C@H](C[C@@H]4[C@]3(CO4)OC(=O)C)OC(=O)CC)C)OC(=O)C5=CC=CC=C5)O)OC(=O)[C@@H]([C@H](C6=CC=CC=C6)NC(=O)C7=CC=CC=C7)O)C,CCCC(=O)OC1C2=C(C(CC(C2(C)C)(C(C3C(C1=O)(C(CC4C3(CO4)OC(=O)C)OC(=O)CC)C)OC(=O)C5=CC=CC=C5)O)OC(=O)C(C(C6=CC=CC=C6)NC(=O)C7=CC=CC=C7)O)C
57798059,COC1=C(C=CC(=C1)NC2=NC=C3CN=C(C4=C(C3=N2)C=CC(=C4)Cl)C5=CC=CC=C5F)C(=O)O,COC1=C(C=CC(=C1)NC2=NC=C3CN=C(C4=C(C3=N2)C=CC(=C4)Cl)C5=CC=CC=C5F)C(=O)O
58458499,COC1=C(C(=CC=C1)F)C2=NCC3=CN=C(N=C3C4=C2C=C(C=C4)Cl)NC5=CC(=C(C=C5)C(=O)[O-])OC,COC1=C(C(=CC=C1)F)C2=NCC3=CN=C(N=C3C4=C2C=C(C=C4)Cl)NC5=CC(=C(C=C5)C(=O)[O-])OC
66819785,COC1=C(C(=CC=C1)F)C2=NCC3=CN=C(N=C3C4=C2C=C(C=C4)Cl)NC5=CC(=C(C=C5)C(=O)[O-])OC.[Na+],COC1=C(C(=CC=C1)F)C2=NCC3=CN=C(N=C3C4=C2C=C(C=C4)Cl)NC5=CC(=C(C=C5)C(=O)[O-])OC.[Na+]
89997715,COC1=C(C=CC(=C1)NC2=NC=C3CN=C(C4=C(C3=N2)C=CC(=C4)Cl)C5=CC=CC=C5OCF)C(=O)O,COC1=C(C=CC(=C1)NC2=NC=C3CN=C(C4=C(C3=N2)C=CC(=C4)Cl)C5=CC=CC=C5OCF)C(=O)O
154688564,CC.CC(=O)C1=C(C=C(C=C1)NC2=NC=C3CN=C(C4=C(C3=N2)C=CC(=C4)Cl)C5=C(C=CC=C5F)OC)OC,CC.CC(=O)C1=C(C=C(C=C1)NC2=NC=C3CN=C(C4=C(C3=N2)C=CC(=C4)Cl)C5=C(C=CC=C5F)OC)OC
59758771,COC1=C(C=CC(=C1)NC2=NC=C3CN=C(C4=C(C3=N2)C=CC(=C4)Cl)C5=C(C=CC=C5F)OCC(F)(F)F)C(=O)O,COC1=C(C=CC(=C1)NC2=NC=C3CN=C(C4=C(C3=N2)C=CC(=C4)Cl)C5=C(C=CC=C5F)OCC(F)(F)F)C(=O)O
160550180,C.COC1=C(C=CC(=C1)NC2=NC=C3CN=C(C4=C(C3=N2)C=CC(=C4)Cl)C5=CC=CC=C5F)C(=O)O,C.COC1=C(C=CC(=C1)NC2=NC=C3CN=C(C4=C(C3=N2)C=CC(=C4)Cl)C5=CC=CC=C5F)C(=O)O
24771867,COC1=C(C(=CC=C1)F)C2=NCC3=CN=C(N=C3C4=C2C=C(C=C4)Cl)NC5=CC(=C(C=C5)C(=O)O)OC,COC1=C(C(=CC=C1)F)C2=NCC3=CN=C(N=C3C4=C2C=C(C=C4)Cl)NC5=CC(=C(C=C5)C(=O)O)OC
59758769,COC1=C(C=CC(=C1)NC2=NC=C3CN=C(C4=C(C3=N2)C=CC(=C4)Cl)C5=C(C=CC=C5F)F)C(=O)O,COC1=C(C=CC(=C1)NC2=NC=C3CN=C(C4=C(C3=N2)C=CC(=C4)Cl)C5=C(C=CC=C5F)F)C(=O)O
158974963,C.COC1=C(C(=CC=C1)F)C2=NCC3=CN=C(N=C3C4=C2C=C(C=C4)Cl)NC5=CC(=C(C=C5)C(=O)O)OC,C.COC1=C(C(=CC=C1)F)C2=NCC3=CN=C(N=C3C4=C2C=C(C=C4)Cl)NC5=CC(=C(C=C5)C(=O)O)OC
129780721,C1=C(C(=O)N(C(=O)N1)Br)F,C1=C(C(=O)N(C(=O)N1)Br)F
88762911,C1=C(C(=O)NC(=O)[N-]1)F.[Ag+],C1=C(C(=O)NC(=O)[N-]1)F.[Ag+]
88180257,C1=C(C(=O)NC(=O)N1)F.[Pt],C1=C(C(=O)NC(=O)N1)F.[Pt]
23615736,C1=C(C(=O)NC(=O)N1)F.[Tl+],C1=C(C(=O)NC(=O)N1)F.[Tl+]
118528156,C1=C(C(=O)NC(=O)N1CN)F,C1=C(C(=O)NC(=O)N1CN)F
159980508,C1=C(C(=O)NC(=O)N1)F.[Pt+4],C1=C(C(=O)NC(=O)N1)F.[Pt+4]
70619306,C1=C(C(=O)N(C(=O)N1)C(=O)N)F,C1=C(C(=O)N(C(=O)N1)C(=O)N)F
71777647,[3H]C1=C(C(=O)NC(=O)N1)F,C1=C(C(=O)NC(=O)N1)F
71586769,C1=C([14C](=O)NC(=O)N1)F,C1=C(C(=O)NC(=O)N1)F
141314313,C1=C(C(=O)NC(=O)N1)F.FF,C1=C(C(=O)NC(=O)N1)F.FF
145477748,C1=CC(=CC=C1NC(=O)NC2=CC(=C(C=C2)Cl)C(F)(F)F)OC3=CC(=NC=C3)C(=O)NCC(=O)NO,C1=CC(=CC=C1NC(=O)NC2=CC(=C(C=C2)Cl)C(F)(F)F)OC3=CC(=NC=C3)C(=O)NCC(=O)NO
216239,CNC(=O)C1=NC=CC(=C1)OC2=CC=C(C=C2)NC(=O)NC3=CC(=C(C=C3)Cl)C(F)(F)F,CNC(=O)C1=NC=CC(=C1)OC2=CC=C(C=C2)NC(=O)NC3=CC(=C(C=C3)Cl)C(F)(F)F
71542471,CNC(=O)C1=NC=CC(=C1Cl)OC2=CC=C(C=C2)NC(=O)NC3=CC(=C(C=C3)Cl)C(F)(F)F,CNC(=O)C1=NC=CC(=C1Cl)OC2=CC=C(C=C2)NC(=O)NC3=CC(=C(C=C3)Cl)C(F)(F)F
142886602,CC(C1=CC=C(C=C1)OC2=CC(=NC=C2)C(=O)N)NC(=O)NC3=CC(=C(C=C3)Cl)C(F)(F)F,CC(C1=CC=C(C=C1)OC2=CC(=NC=C2)C(=O)N)NC(=O)NC3=CC(=C(C=C3)Cl)C(F)(F)F
123268832,CC(NC(=O)C1=NC=CC(=C1)OC2=CC=C(C=C2)NC(=O)NC3=CC(=C(C=C3)Cl)C(F)(F)F)(O)O,CC(NC(=O)C1=NC=CC(=C1)OC2=CC=C(C=C2)NC(=O)NC3=CC(=C(C=C3)Cl)C(F)(F)F)(O)O
91971838,[2H][13C]([2H])([2H])NC(=O)C1=[N+](C=CC(=C1)OC2=CC(=C(C=C2)NC(=O)NC3=CC(=C(C=C3)Cl)C(F)(F)F)F)[O-],CNC(=O)C1=[N+](C=CC(=C1)OC2=CC(=C(C=C2)NC(=O)NC3=CC(=C(C=C3)Cl)C(F)(F)F)F)[O-]
44815015,[2H]C1=C(C(=C(C(=C1NC(=O)NC2=CC=C(C=C2)OC3=CC(=NC=C3)C(=O)NC([2H])([2H])[2H])[2H])C(F)(F)F)Cl)[2H],CNC(=O)C1=NC=CC(=C1)OC2=CC=C(C=C2)NC(=O)NC3=CC(=C(C=C3)Cl)C(F)(F)F
44565731,CN(C)C1=CC=C(C=C1)NC(=O)C2=NC=CC(=C2)OC3=CC=C(C=C3)NC(=O)NC4=CC(=C(C=C4)Cl)C(F)(F)F,CN(C)C1=CC=C(C=C1)NC(=O)C2=NC=CC(=C2)OC3=CC=C(C=C3)NC(=O)NC4=CC(=C(C=C4)Cl)C(F)(F)F
146573784,CNC(=O)C1=NC=CC(=C1)OC2=CC=C(C=C2)NC(=O)N(C3=CC(=C(C=C3)Cl)C(F)(F)F)N,CNC(=O)C1=NC=CC(=C1)OC2=CC=C(C=C2)NC(=O)N(C3=CC(=C(C=C3)Cl)C(F)(F)F)N
155805849,CC(C)(C)C1=C(C=CC(=C1)NC(=O)NC2=C(C=C(C=C2)OC3=CC(=NC=C3)C(=O)NC)F)Cl,CC(C)(C)C1=C(C=CC(=C1)NC(=O)NC2=C(C=C(C=C2)OC3=CC(=NC=C3)C(=O)NC)F)Cl
143489089,C1CCC(C1)C2(CC2C#N)N3C=C(C=N3)C4=C5C=CNC5=NC=N4,C1CCC(C1)C2(CC2C#N)N3C=C(C=N3)C4=C5C=CNC5=NC=N4
57477592,C1CCC(CC1)[C@@H](CC#N)N2C=C(C=N2)C3=C4C=CNC4=NC=C3,C1CCC(CC1)C(CC#N)N2C=C(C=N2)C3=C4C=CNC4=NC=C3
57478008,C#CCC(C1CCCC1)N2C=C(C=N2)C3=C4C=CNC4=NC=N3,C#CCC(C1CCCC1)N2C=C(C=N2)C3=C4C=CNC4=NC=N3
72704201,[2H]C1(CC(CC1([2H])[2H])[C@@H](CC#N)N2C=C(C=N2)C3=C4C=CNC4=NC=N3)[2H],C1CCC(C1)C(CC#N)N2C=C(C=N2)C3=C4C=CNC4=NC=N3
130247571,C1CCC(C1)[C@@H](CC#N)N2C=C(C=N2)C3=C4C=CNC4=NC=N3.O[P+](=O)O,C1CCC(C1)C(CC#N)N2C=C(C=N2)C3=C4C=CNC4=NC=N3.O[P+](=O)O
129274997,C1C=CC2=CC=CC=C21.C1=CNC2=NC=NC(=C21)C3=CN(N=C3)CCC#N,C1C=CC2=CC=CC=C21.C1=CNC2=NC=NC(=C21)C3=CN(N=C3)CCC#N
57480643,C1=CC=NC(=C1)C(CC#N)N2C=C(C=N2)C3=C4C=CNC4=NC=N3,C1=CC=NC(=C1)C(CC#N)N2C=C(C=N2)C3=C4C=CNC4=NC=N3
57478106,C1CC(CCC1CC#N)N2C=C(C=N2)C3=C4C=CNC4=NC=N3,C1CC(CCC1CC#N)N2C=C(C=N2)C3=C4C=CNC4=NC=N3
49819296,CCCCC(CC#N)N1C=C(C=N1)C2=C3C=CNC3=NC=N2,CCCCC(CC#N)N1C=C(C=N1)C2=C3C=CNC3=NC=N2
51034608,C1CCC(C1)[C@H](CCC#N)N2C=C(C=N2)C3=CN=NC4=C3C=CN4,C1CCC(C1)C(CCC#N)N2C=C(C=N2)C3=CN=NC4=C3C=CN4
57748119,C[C@]1(CCCN1C(=O)NC2=NC=C(S2)C3=CC(=NC=C3)C4(CC4)C(F)(F)F)C(=O)N,CC1(CCCN1C(=O)NC2=NC=C(S2)C3=CC(=NC=C3)C4(CC4)C(F)(F)F)C(=O)N
75306311,CC1=C(SC(=N1)NC(=O)N2CCC(C2C(=O)N)(C)C)C3=CC(=NC=C3)C(C)(C)C(F)(F)F,CC1=C(SC(=N1)NC(=O)N2CCC(C2C(=O)N)(C)C)C3=CC(=NC=C3)C(C)(C)C(F)(F)F
59293686,CC1=C(SC(=N1)NC(=O)N2CCC[C@H]2C(=O)N)C3=CC(=NC=C3)C4(CC4)C,CC1=C(SC(=N1)NC(=O)N2CCCC2C(=O)N)C3=CC(=NC=C3)C4(CC4)C
132263841,CC1=C(SC(=N1)NC(=O)N2CCC[C@H]2C(=O)N)C3=CC(=NC=C3)C(CN=[N+]=[N-])(CN=[N+]=[N-])C(F)(F)F,CC1=C(SC(=N1)NC(=O)N2CCCC2C(=O)N)C3=CC(=NC=C3)C(CN=[N+]=[N-])(CN=[N+]=[N-])C(F)(F)F
59293663,CC1=C(SC(=N1)NC(=O)N2CCC[C@H]2C(=O)N)C3=CC(=NC=C3)C(C)(CF)CF,CC1=C(SC(=N1)NC(=O)N2CCCC2C(=O)N)C3=CC(=NC=C3)C(C)(CF)CF
72248471,CC1=C(SC(=N1)NC(=O)N2CCCC2C(=O)N)C3=CC(=NC=C3)C4(CC4)C(F)(F)F,CC1=C(SC(=N1)NC(=O)N2CCCC2C(=O)N)C3=CC(=NC=C3)C4(CC4)C(F)(F)F
72248506,CC1=C(SC(=N1)NC(=O)N2CCCC2C(=O)N)C3=CC(=NC=C3)C4CCC4,CC1=C(SC(=N1)NC(=O)N2CCCC2C(=O)N)C3=CC(=NC=C3)C4CCC4
163660480,CC1=C(SC(=N1)NC(=O)N2CCC[C@H]2C(=O)NI)C3=CC(=NC=C3)C(C)(C(C=C)(F)I)I,CC1=C(SC(=N1)NC(=O)N2CCCC2C(=O)NI)C3=CC(=NC=C3)C(C)(C(C=C)(F)I)I
49855000,C[C@@H]1CCN([C@@H]1C(=O)N)C(=O)NC2=NC(=C(S2)C3=CC(=NC=C3)C4(CC4)C)C,CC1CCN(C1C(=O)N)C(=O)NC2=NC(=C(S2)C3=CC(=NC=C3)C4(CC4)C)C
59293665,CC1=C(SC(=N1)NC(=O)N2CCC[C@H]2C(=O)N)C3=CC(=NC=C3)C4(CC4)C(F)(F)F,CC1=C(SC(=N1)NC(=O)N2CCCC2C(=O)N)C3=CC(=NC=C3)C4(CC4)C(F)(F)F
71543335,C[N+](C)(C)CC(=O)[O-].CS(=O)(=O)N1CCN(CC1)CC2=CC3=C(S2)C(=NC(=N3)C4=C5C=NNC5=CC=C4)N6CCOCC6.Cl,C[N+](C)(C)CC(=O)[O-].CS(=O)(=O)N1CCN(CC1)CC2=CC3=C(S2)C(=NC(=N3)C4=C5C=NNC5=CC=C4)N6CCOCC6.Cl
26919731,CS(=O)(=O)N1CC[NH+](CC1)CC2=CC3=C(S2)C(=NC(=N3)C4=C5C=NNC5=CC=C4)N6CCOCC6,CS(=O)(=O)N1CC[NH+](CC1)CC2=CC3=C(S2)C(=NC(=N3)C4=C5C=NNC5=CC=C4)N6CCOCC6
11504929,CCC(CC)(COC)N1CCN(CC1)CC2=CC3=C(S2)C(=NC(=N3)C4=C5C=NNC5=CC=C4)N6CCOCC6,CCC(CC)(COC)N1CCN(CC1)CC2=CC3=C(S2)C(=NC(=N3)C4=C5C=NNC5=CC=C4)N6CCOCC6
59593134,CS(=O)(=O)N1CCN(CC1)CCCC2=CC3=C(S2)C(=NC(=N3)C4=C5C=NNC5=CC=C4)N6CCOCC6,CS(=O)(=O)N1CCN(CC1)CCCC2=CC3=C(S2)C(=NC(=N3)C4=C5C=NNC5=CC=C4)N6CCOCC6
67458347,CS(=O)(=O)C1CCN(CC1)C(C2=C3C=NNC3=CC=C2)C4=NC(=C5C=CSC5=N4)N6CCOCC6,CS(=O)(=O)C1CCN(CC1)C(C2=C3C=NNC3=CC=C2)C4=NC(=C5C=CSC5=N4)N6CCOCC6
59688583,C[C@H]1CN(CCN1CC2=CC3=C(S2)C(=NC(=N3)C4=C5C=NNC5=CC=C4)N6CCOCC6)S(=O)(=O)C,CC1CN(CCN1CC2=CC3=C(S2)C(=NC(=N3)C4=C5C=NNC5=CC=C4)N6CCOCC6)S(=O)(=O)C
71811537,CS(=O)(=O)N1CCN(CC1)CC2=CSC3=C2N=C(N=C3C4=C5C=NNC5=CC=C4)N6CCOCC6,CS(=O)(=O)N1CCN(CC1)CC2=CSC3=C2N=C(N=C3C4=C5C=NNC5=CC=C4)N6CCOCC6
67053933,CS(=O)(=O)N1CCN(CC1)CC2=CC3=C(C=C(S3)C4=C5C=NNC5=CC=C4)C(=N2)N6CCOCC6,CS(=O)(=O)N1CCN(CC1)CC2=CC3=C(C=C(S3)C4=C5C=NNC5=CC=C4)C(=N2)N6CCOCC6
24992908,C[C@@H]1CN(C[C@@H](N1CC2=CC3=C(N=C(N=C3S2)C4=C5C=NNC5=CC=C4)N6CCOCC6)C)S(=O)(=O)C,CC1CN(CC(N1CC2=CC3=C(N=C(N=C3S2)C4=C5C=NNC5=CC=C4)N6CCOCC6)C)S(=O)(=O)C
66617722,CS(=O)(=O)NCC1CCCN1CC2=CC3=C(S2)C(=NC(=N3)C4=C5C=NNC5=CC=C4)N6CCOCC6,CS(=O)(=O)NCC1CCCN1CC2=CC3=C(S2)C(=NC(=N3)C4=C5C=NNC5=CC=C4)N6CCOCC6
89677860,CNC1(CCC1)C2=CC=C(C=C2)C3=C(C=C4C(=N3)C=CN5C4=NNC5=O)C6=CC=CC=C6,CNC1(CCC1)C2=CC=C(C=C2)C3=C(C=C4C(=N3)C=CN5C4=NNC5=O)C6=CC=CC=C6
123294696,C1CC(C1)(C2=CC=C(C=C2)C3=C(C=C4C(=N3)C=CN5C4=NNC5=O)C6=CC=CC=C6)NCl,C1CC(C1)(C2=CC=C(C=C2)C3=C(C=C4C(=N3)C=CN5C4=NNC5=O)C6=CC=CC=C6)NCl
56965964,C1CC(C1)(C2=CC=C(C=C2)C3=C(C=C4C(=N3)C=CN5C4=NNC5=O)C6=CC=CC=C6)N.[Cl-].[Cl-],C1CC(C1)(C2=CC=C(C=C2)C3=C(C=C4C(=N3)C=CN5C4=NNC5=O)C6=CC=CC=C6)N.[Cl-].[Cl-]
161122749,C1CC(C1)(C2=CC=C(C=C2)C3=C(C=C4C(=N3)C=CN5C4=NNC5=O)C6=CC=CC=C6)[NH3+].[Cl-],C1CC(C1)(C2=CC=C(C=C2)C3=C(C=C4C(=N3)C=CN5C4=NNC5=O)C6=CC=CC=C6)[NH3+].[Cl-]
155432027,CC(C)(C)N1C(=O)N2C=CC3=NC(=C(C=C3C2=N1)C4=CC=CC=C4)C5=CC=C(C=C5)C6(CCC6)N,CC(C)(C)N1C(=O)N2C=CC3=NC(=C(C=C3C2=N1)C4=CC=CC=C4)C5=CC=C(C=C5)C6(CCC6)N
70864634,C1CC(C1)(C2=CC=C(C=C2)C3=C(C=C4C(=N3)C=CN5C4=NNC5=O)C6=CC=CC=C6)NC(=O)O,C1CC(C1)(C2=CC=C(C=C2)C3=C(C=C4C(=N3)C=CN5C4=NNC5=O)C6=CC=CC=C6)NC(=O)O
15979152,C1=CC=C(C=C1)C2=C(N=C3C=CN4C(=NNC4=O)C3=C2)C5=CC=C(C=C5)CN,C1=CC=C(C=C1)C2=C(N=C3C=CN4C(=NNC4=O)C3=C2)C5=CC=C(C=C5)CN
139483117,C1CC1(C2=CC=C(C=C2)C3=C(C=C4C(=N3)C=CN5C4=NNC5=O)C6=CC=CC=C6)N,C1CC1(C2=CC=C(C=C2)C3=C(C=C4C(=N3)C=CN5C4=NNC5=O)C6=CC=CC=C6)N
46930998,C1CC(C1)(C2=CC=C(C=C2)C3=C(C=C4C(=N3)C=CN5C4=NNC5=O)C6=CC=CC=C6)N.Cl.Cl,C1CC(C1)(C2=CC=C(C=C2)C3=C(C=C4C(=N3)C=CN5C4=NNC5=O)C6=CC=CC=C6)N.Cl.Cl
58572358,CC1(CCC1)C2=CC=C(C=C2)C3=C(C=C4C(=N3)C=CN5C4=NNC5=O)C6=CC=CC=C6,CC1(CCC1)C2=CC=C(C=C2)C3=C(C=C4C(=N3)C=CN5C4=NNC5=O)C6=CC=CC=C6
68435551,C[C@H]1COCCN1C2=NC(=NC3=C2C=CC(=N3)C4=CC(=C(C=C4)OC)CO)N5CCC(C5)O,CC1COCCN1C2=NC(=NC3=C2C=CC(=N3)C4=CC(=C(C=C4)OC)CO)N5CCC(C5)O
71250912,CC1COCCN1C2=NC(=NC3=C2C=CC(=N3)C4=CC(=C(C=C4)OC)CO)CC5CCOCC5,CC1COCCN1C2=NC(=NC3=C2C=CC(=N3)C4=CC(=C(C=C4)OC)CO)CC5CCOCC5
126601753,COC1=C(C=C(C=C1)C2=NC3=CC(=NC(=C3C=C2)N4CCOCC4)N5CCOCC5)CO,COC1=C(C=C(C=C1)C2=NC3=CC(=NC(=C3C=C2)N4CCOCC4)N5CCOCC5)CO
71250960,CC1COCCN1C2=NC(=NC3=C2C=CC(=N3)C4=CC(=C(C=C4)OC)CO)C5CC5,CC1COCCN1C2=NC(=NC3=C2C=CC(=N3)C4=CC(=C(C=C4)OC)CO)C5CC5
24997275,C[C@H]1COCCN1C2=NC(=NC3=C2C=CC(=N3)C4=CC(=C(C=C4)OC)CO)N5CCC(CC5)N6CCCC6,CC1COCCN1C2=NC(=NC3=C2C=CC(=N3)C4=CC(=C(C=C4)OC)CO)N5CCC(CC5)N6CCCC6
78054019,CC1COCCC1NC2=NC3=C(C=CC(=N3)C4=CC(=C(C=C4)OC)CO)C(=N2)N5CCOCC5C,CC1COCCC1NC2=NC3=C(C=CC(=N3)C4=CC(=C(C=C4)OC)CO)C(=N2)N5CCOCC5C
163703022,COC1=C(C=C(C=C1)C2=NC3=C(C=C2)C(=NC(=N3)N4CC5CC(C4)OC5)N6CCOCC6)CO,COC1=C(C=C(C=C1)C2=NC3=C(C=C2)C(=NC(=N3)N4CC5CC(C4)OC5)N6CCOCC6)CO
57442026,C[C@H]1COCCN1C2=NC(=NC3=C2C=CC(=N3)C4=CC(=C(C=C4)OC)CO)C5=CC(=CC=C5)N,CC1COCCN1C2=NC(=NC3=C2C=CC(=N3)C4=CC(=C(C=C4)OC)CO)C5=CC(=CC=C5)N
71250861,C[C@H]1COCCN1C2=NC(=NC3=C2C=CC(=N3)C4=CC(=C(C=C4)OC)CO)N(C5CC5)C6CCOCC6,CC1COCCN1C2=NC(=NC3=C2C=CC(=N3)C4=CC(=C(C=C4)OC)CO)N(C5CC5)C6CCOCC6
71250918,CN(C1CCOCC1)C2=NC3=C(C=CC(=N3)C4=CC(=C(C=C4)OC)CO)C(=N2)N5CCOCC5,CN(C1CCOCC1)C2=NC3=C(C=CC(=N3)C4=CC(=C(C=C4)OC)CO)C(=N2)N5CCOCC5
90182397,CC(C)(C#N)C1=CC=C(C=C1)N2C3=C4C=C(C=CC4=NC=C3N(C2=O)C)C5=CN=C(C=C5)C6=CC=NC=C6,CC(C)(C#N)C1=CC=C(C=C1)N2C3=C4C=C(C=CC4=NC=C3N(C2=O)C)C5=CN=C(C=C5)C6=CC=NC=C6
123849001,CC(C)(C#N)C1=CC=C(C=C1)N2C3=C4C=C(C=CC4=NC=C3N(C2=O)C)C5=CCCCC=C5,CC(C)(C#N)C1=CC=C(C=C1)N2C3=C4C=C(C=CC4=NC=C3N(C2=O)C)C5=CCCCC=C5
68372530,CC(C)(C#N)C1=CC=C(C=C1)N2C3=C4C=C(C=CC4=NC=C3N(C2=O)C)C5=CC=CC6=C5N=CC=C6,CC(C)(C#N)C1=CC=C(C=C1)N2C3=C4C=C(C=CC4=NC=C3N(C2=O)C)C5=CC=CC6=C5N=CC=C6
71554639,CC(C)(C#N)C1=CC=C(C=C1)N2C3=C4C=C(C=CC4=NC=C3N(C2=O)C)C5=CN=CC(=C5)C#C,CC(C)(C#N)C1=CC=C(C=C1)N2C3=C4C=C(C=CC4=NC=C3N(C2=O)C)C5=CN=CC(=C5)C#C
11979157,CN1C2=CN=C3C=CC(=CC3=C2N(C1=O)C4=CC=C(C=C4)C5(CC5)C#N)C6=CC7=CC=CC=C7N=C6,CN1C2=CN=C3C=CC(=CC3=C2N(C1=O)C4=CC=C(C=C4)C5(CC5)C#N)C6=CC7=CC=CC=C7N=C6
11977868,CCC(C)(CC#N)C1=CC=C(C=C1)N2C3=C4C=C(C=CC4=NC=C3N(C2=O)C)C5=CC6=CC=CC=C6N=C5,CCC(C)(CC#N)C1=CC=C(C=C1)N2C3=C4C=C(C=CC4=NC=C3N(C2=O)C)C5=CC6=CC=CC=C6N=C5
57345218,CC(C)(C#N)C1=NC=C(C=C1)N2C3=C4C=C(C=CC4=NC=C3N(C2=O)C)C5=C(C=CC(=C5)C(F)(F)F)F,CC(C)(C#N)C1=NC=C(C=C1)N2C3=C4C=C(C=CC4=NC=C3N(C2=O)C)C5=C(C=CC(=C5)C(F)(F)F)F
57344081,CN1C2=CN=C3C=CC(=CC3=C2N(C1=O)C4=CN=C(C=C4)C#N)C5=CC6=CC=CC=C6N=C5,CN1C2=CN=C3C=CC(=CC3=C2N(C1=O)C4=CN=C(C=C4)C#N)C5=CC6=CC=CC=C6N=C5
123448827,CN1C2=CN=C3C=CC(=CC3=C2N(C1=O)C4=CC=C(C=C4)C[N+]#[C-])C5=CC6=CC=CC=C6N=C5,CN1C2=CN=C3C=CC(=CC3=C2N(C1=O)C4=CC=C(C=C4)C[N+]#[C-])C5=CC6=CC=CC=C6N=C5
11957743,CC(C)(C#N)C1=CC=C(C=C1)N2C3=C4C=C(C=CC4=NC=C3N(C2=O)C)C5=CC=NC=C5,CC(C)(C#N)C1=CC=C(C=C1)N2C3=C4C=C(C=CC4=NC=C3N(C2=O)C)C5=CC=NC=C5
163876444,CC1=NN(C(=N1)C2=CN3CCOC4=C(C3=N2)C=CC(=C4)C5=CN(N=C5)C(C)(C)C(=O)N)C(=C)C,CC1=NN(C(=N1)C2=CN3CCOC4=C(C3=N2)C=CC(=C4)C5=CN(N=C5)C(C)(C)C(=O)N)C(=C)C
67050726,CC(C)N1C(=NC=N1)C2=CN3CCOC4=C(C3=N2)C=CC(=C4)C5=CN(N=C5)C(C)(C)C(=O)OC,CC(C)N1C(=NC=N1)C2=CN3CCOC4=C(C3=N2)C=CC(=C4)C5=CN(N=C5)C(C)(C)C(=O)OC
147069772,CC1=NN(C(=N1)C2=CN3CCOC4=C(C3=N2)C=CC(=C4)C5=CN(N=C5)C(C)(C)C(=O)[NH3+])C(C)C,CC1=NN(C(=N1)C2=CN3CCOC4=C(C3=N2)C=CC(=C4)C5=CN(N=C5)C(C)(C)C(=O)[NH3+])C(C)C
58204971,CC1=NN(C(=N1)C2=CN3CCOC4=C(C3=N2)C=CC(=C4)C5=CN(N=C5)C(C)(C)C(=O)OC)C(C)C,CC1=NN(C(=N1)C2=CN3CCOC4=C(C3=N2)C=CC(=C4)C5=CN(N=C5)C(C)(C)C(=O)OC)C(C)C
58204913,CC(C)N1C(=NC=N1)C2=CN3CCOC4=C(C3=N2)C=CC(=C4)C5=CN(N=C5)C(C)(C)C(=O)O,CC(C)N1C(=NC=N1)C2=CN3CCOC4=C(C3=N2)C=CC(=C4)C5=CN(N=C5)C(C)(C)C(=O)O
68312947,CC1=NN(C(=N1)C2=CN3CCOC4=C(C3=N2)C=CC(=C4)C5=C(N(N=C5)C)C6CCCN(C6)C(C)(C)C(=O)N)C(C)C,CC1=NN(C(=N1)C2=CN3CCOC4=C(C3=N2)C=CC(=C4)C5=C(N(N=C5)C)C6CCCN(C6)C(C)(C)C(=O)N)C(C)C
58204394,CC1=NN(C(=N1)C2=CN3CCOC4=C(C3=N2)C=CC(=C4)C5=CN(N=C5)C(C)(C)C(=O)O)C(C)C,CC1=NN(C(=N1)C2=CN3CCOC4=C(C3=N2)C=CC(=C4)C5=CN(N=C5)C(C)(C)C(=O)O)C(C)C
130229628,CC1=NN(C(=N1)C2=CN3CCOC4=C(C3=N2)C=CC(=C4)C5=CN(N=C5)CC(=O)N(C)C)C(C)C,CC1=NN(C(=N1)C2=CN3CCOC4=C(C3=N2)C=CC(=C4)C5=CN(N=C5)CC(=O)N(C)C)C(C)C
158666208,C.CC1=NN(C(=N1)C2=CN3CCOC4=C(C3=N2)C=CC(=C4)C5=CN(N=C5)C(C)(C)C(=O)N)C(C)C,C.CC1=NN(C(=N1)C2=CN3CCOC4=C(C3=N2)C=CC(=C4)C5=CN(N=C5)C(C)(C)C(=O)N)C(C)C
58204981,CC1=NN(C(=N1)C2=CN3CCOC4=C(C3=N2)C=CC(=C4)C5=CN(N=C5)CC(C)C(=O)N)C(C)C,CC1=NN(C(=N1)C2=CN3CCOC4=C(C3=N2)C=CC(=C4)C5=CN(N=C5)CC(C)C(=O)N)C(C)C
155548648,CN1C(=C(C=N1)Cl)C2=C(OC(=C2)C(=O)NC3CNCCC3C4=CC=C(C=C4)C(F)(F)F)Cl,CN1C(=C(C=N1)Cl)C2=C(OC(=C2)C(=O)NC3CNCCC3C4=CC=C(C=C4)C(F)(F)F)Cl
57826877,CC1=C(N(N=C1)C)C2=C(OC(=C2)C(=O)N[C@@H](CC3=CC(=CC=C3)F)CN)Cl,CC1=C(N(N=C1)C)C2=C(OC(=C2)C(=O)NC(CC3=CC(=CC=C3)F)CN)Cl
129047710,CN1C(=C(C=N1)Cl)C2=C(OC(=C2)C(=O)N[C@H]3CNC[C@@H]3C4=CC=C(C=C4)C(F)(F)F)Cl,CN1C(=C(C=N1)Cl)C2=C(OC(=C2)C(=O)NC3CNCC3C4=CC=C(C=C4)C(F)(F)F)Cl
118408972,CC(=O)NCCC1C[C@H]([C@@H](CN1)NC(=O)C2=CC(=C(O2)Cl)C3=C(C=NN3C)Cl)C4=CC(=C(C=C4)F)F,CC(=O)NCCC1CC(C(CN1)NC(=O)C2=CC(=C(O2)Cl)C3=C(C=NN3C)Cl)C4=CC(=C(C=C4)F)F
126504751,CN1C(=C(C=N1)Cl)C2=C(OC(=C2)C(=O)N[C@@H]3CNC(C[C@H]3C4=CC(=C(C=C4)F)F)CC(=O)NC=O)Cl,CN1C(=C(C=N1)Cl)C2=C(OC(=C2)C(=O)NC3CNC(CC3C4=CC(=C(C=C4)F)F)CC(=O)NC=O)Cl
76576466,CC1=C(C=C(O1)C(=O)NC(CC2=CC=C(C=C2)F)CN)C3=C(C=NN3C)Cl,CC1=C(C=C(O1)C(=O)NC(CC2=CC=C(C=C2)F)CN)C3=C(C=NN3C)Cl
137705427,CN1C(=C(C=N1)Cl)C2=C(OC(=C2)C(=O)NC(CC3=CC(=C(C=C3)F)F)CN)Cl.Cl,CN1C(=C(C=N1)Cl)C2=C(OC(=C2)C(=O)NC(CC3=CC(=C(C=C3)F)F)CN)Cl.Cl
127052920,CN1C(=C(C=N1)Cl)C2=C(OC(=C2)C(=O)NC3(CCNCC3)C4=CC=C(C=C4)F)Cl,CN1C(=C(C=N1)Cl)C2=C(OC(=C2)C(=O)NC3(CCNCC3)C4=CC=C(C=C4)F)Cl
57826425,CCC1=C(C=C(O1)C(=O)N[C@@H](CC2=CC=C(C=C2)F)CN)C3=C(C=NN3C)Cl,CCC1=C(C=C(O1)C(=O)NC(CC2=CC=C(C=C2)F)CN)C3=C(C=NN3C)Cl
76576377,CN1C(=C(C=N1)Cl)C2=C(OC(=C2)C(=O)NC(CC3=CC=CC=C3C(F)(F)F)CN)Cl,CN1C(=C(C=N1)Cl)C2=C(OC(=C2)C(=O)NC(CC3=CC=CC=C3C(F)(F)F)CN)Cl
68096931,CC1CCN(CC1)C2=CN=C(C(=N2)C3=NC4=C(N3)C=C(C=C4)C)N,CC1CCN(CC1)C2=CN=C(C(=N2)C3=NC4=C(N3)C=C(C=C4)C)N
157641816,CCC1=CN=CN=C1N2CCN(CC2)CC3=NC4=C(N3)C=C(C=C4)C(C)(F)F,CCC1=CN=CN=C1N2CCN(CC2)CC3=NC4=C(N3)C=C(C=C4)C(C)(F)F
151121675,CC1=NC(=NC=C1C2=NC3=C(N2)C=C(C=C3)C(F)(F)F)NCCCC4=NCN(C=C4)C,CC1=NC(=NC=C1C2=NC3=C(N2)C=C(C=C3)C(F)(F)F)NCCCC4=NCN(C=C4)C
166844100,CC1=CC(=CC(=N1)NC2=NC3=C(N2)C=C(C=C3)C4=NC=NC=C4)CN5CCN(CC5)C(=C)CC(F)(F)F,CC1=CC(=CC(=N1)NC2=NC3=C(N2)C=C(C=C3)C4=NC=NC=C4)CN5CCN(CC5)C(=C)CC(F)(F)F
137345709,CC1=NC2=C(N1)C=C(C=C2)CNC3=NC=C(C(=N3)N(C)C)F,CC1=NC2=C(N1)C=C(C=C2)CNC3=NC=C(C(=N3)N(C)C)F
69643450,C1=CC(=CC=C1C(F)(F)F)NC2=NC(=NC=C2)C3=CC4=C(C=C3)N=CN4,C1=CC(=CC=C1C(F)(F)F)NC2=NC(=NC=C2)C3=CC4=C(C=C3)N=CN4
51371303,CCC1=CN=CN=C1N2CCN(CC2)CC3=NC4=C(N3)C=C(C=C4)C(F)(F)F,CCC1=CN=CN=C1N2CCN(CC2)CC3=NC4=C(N3)C=C(C=C4)C(F)(F)F
160830499,[HH].[HH].[HH].CC1=CC2=C(C=C1)N=C(N2)C3=NC(=CN=C3N)N4CCN(CC4)C5=CC(=CC=C5)F,[HH].[HH].[HH].CC1=CC2=C(C=C1)N=C(N2)C3=NC(=CN=C3N)N4CCN(CC4)C5=CC(=CC=C5)F
144414955,CC1=NC=C(C=N1)/C(=C/C=C(/C2=NC3=C(N2)C=C(C=C3)C(C)F)\C(C)F)/C,CC1=NC=C(C=N1)C(=CC=C(C2=NC3=C(N2)C=C(C=C3)C(C)F)C(C)F)C
134560719,CCN(C1=C(C=CC(=C1)C(F)(F)F)NC)C(C)CNC2=NC3=C(NC=C3)N=C2N,CCN(C1=C(C=CC(=C1)C(F)(F)F)NC)C(C)CNC2=NC3=C(NC=C3)N=C2N
136395128,COC1=CC=CC2=C1NC(=C2)C3=C4C(=NC=NN4C(=N3)C5CCC(CC5)C(=O)O)N.[Na],COC1=CC=CC2=C1NC(=C2)C3=C4C(=NC=NN4C(=N3)C5CCC(CC5)C(=O)O)N.[Na]
136390184,COC1=CC=CC2=C1NC(=C2)C3=C4C(=NC=NN4C(=N3)C5CCC(CC5)(C(=O)OC(CO)(CO)CO)N)N,COC1=CC=CC2=C1NC(=C2)C3=C4C(=NC=NN4C(=N3)C5CCC(CC5)(C(=O)OC(CO)(CO)CO)N)N
136122481,COC1=CC=CC2=C1NC(=C2)C3=C4C(=NC=NN4C(=N3)C5CCC(CC5)C(=O)O)N.[Cl-],COC1=CC=CC2=C1NC(=C2)C3=C4C(=NC=NN4C(=N3)C5CCC(CC5)C(=O)O)N.[Cl-]
140918395,COC1=C2C(=C(C=C1)N)C=C(N2)C3=C4C=NC=NN4C(=N3)C5CCC(CC5)C(=O)O,COC1=C2C(=C(C=C1)N)C=C(N2)C3=C4C=NC=NN4C(=N3)C5CCC(CC5)C(=O)O
135887160,CC(C)OC1=CC=CC2=C1NC(=C2)C3=C4C(=NC=NN4C(=N3)C5CCC(CC5)C(=O)O)N,CC(C)OC1=CC=CC2=C1NC(=C2)C3=C4C(=NC=NN4C(=N3)C5CCC(CC5)C(=O)O)N
135887118,COC1=CC=CC2=C1NC(=C2)C3=C4C(=NC=NN4C(=N3)C5CCC(CC5)C(=O)OC)N,COC1=CC=CC2=C1NC(=C2)C3=C4C(=NC=NN4C(=N3)C5CCC(CC5)C(=O)OC)N
136253094,CNC1=NC=NN2C1=C(N=C2C3CCC(CC3)C(=O)O)C4=CC5=C(N4)C(=CC=C5)OC6CCOC6,CNC1=NC=NN2C1=C(N=C2C3CCC(CC3)C(=O)O)C4=CC5=C(N4)C(=CC=C5)OC6CCOC6
135908493,COC1=CC=CC2=C1NC(=C2)C3=C4C(=NC=NN4C(=N3)C5CCC(CC5)C(=O)[O-])N.[Na+],COC1=CC=CC2=C1NC(=C2)C3=C4C(=NC=NN4C(=N3)C5CCC(CC5)C(=O)[O-])N.[Na+]
136390185,COC1=CC=CC2=C1NC(=C2)C3=C4C(=NC=NN4C(=N3)C5CCC(CC5)C(=O)[O-])N.C(CO)[NH2+]C(O)O,COC1=CC=CC2=C1NC(=C2)C3=C4C(=NC=NN4C(=N3)C5CCC(CC5)C(=O)[O-])N.C(CO)[NH2+]C(O)O
136635738,CCN(CC)C(=O)C1CCC(CC1)C2=NC(=C3N2N=CN=C3N)C4=CC5=C(N4)C(=CC=C5)OC,CCN(CC)C(=O)C1CCC(CC1)C2=NC(=C3N2N=CN=C3N)C4=CC5=C(N4)C(=CC=C5)OC
166063051,CCC1=CC=CC=C1C2=CC(=C(C=C2O)O)C3=C(C(=NO3)C(=O)NCC)C4=CC=C(C=C4)CN5CCOCC5,CCC1=CC=CC=C1C2=CC(=C(C=C2O)O)C3=C(C(=NO3)C(=O)NCC)C4=CC=C(C=C4)CN5CCOCC5
137651203,CC(C)C1=C(C=C(C(=C1)C2=C(C(=NO2)C(=O)N[C@H](C(C)C)C(=O)NCCN3CCOCC3)C4=CC=C(C=C4)CN5CCOCC5)O)O,CC(C)C1=C(C=C(C(=C1)C2=C(C(=NO2)C(=O)NC(C(C)C)C(=O)NCCN3CCOCC3)C4=CC=C(C=C4)CN5CCOCC5)O)O
137003861,CCNC(=O)C1=NOC(=C1C2=CC=C(C=C2)CN3CCN(CC3)C(=O)CCCCCN)C4=CC(=C(C=C4O)O)C(C)C,CCNC(=O)C1=NOC(=C1C2=CC=C(C=C2)CN3CCN(CC3)C(=O)CCCCCN)C4=CC(=C(C=C4O)O)C(C)C
142931989,CCC1=C(C(=CC(=C1)O)O)C2=C(C(=NO2)C(=O)NCC)C3=CC=C(C=C3)CN4CCOCC4,CCC1=C(C(=CC(=C1)O)O)C2=C(C(=NO2)C(=O)NCC)C3=CC=C(C=C3)CN4CCOCC4
137651592,CC(C)C1=C(C=C(C(=C1)C2=C(C(=NO2)C(=O)NCCCCCC(=O)N[C@H](C(C)C)C(=O)OC)C3=CC=C(C=C3)CN4CCOCC4)O)O,CC(C)C1=C(C=C(C(=C1)C2=C(C(=NO2)C(=O)NCCCCCC(=O)NC(C(C)C)C(=O)OC)C3=CC=C(C=C3)CN4CCOCC4)O)O
136168081,CCNC(=O)C1=NOC(=C1C2=CC=C(C=C2)C[NH2+]CCOC[CH])C3=C(C=C(C(=C3)CCC4=CC(=CC=C4)F)O)O,CCNC(=O)C1=NOC(=C1C2=CC=C(C=C2)C[NH2+]CCOC[CH])C3=C(C=C(C(=C3)CCC4=CC(=CC=C4)F)O)O
145426419,CCNC(=O)C1=NOC(=C1C2=CC=C(C=C2)CC(=O)OCC)C3=CC(=C(C=C3O)O)C(C)C.C1COCCN1,CCNC(=O)C1=NOC(=C1C2=CC=C(C=C2)CC(=O)OCC)C3=CC(=C(C=C3O)O)C(C)C.C1COCCN1
136167188,CCNC(=O)C1=NOC(=C1C2=CC=C(C=C2)CN3CCOCC3)C4=C(C=C(C(=C4)CCC5=CC=CC(=C5)C)O)O,CCNC(=O)C1=NOC(=C1C2=CC=C(C=C2)CN3CCOCC3)C4=C(C=C(C(=C4)CCC5=CC=CC(=C5)C)O)O
145426411,CCNC(=O)C1=NOC(=C1C2=CC=C(C=C2)C(C#N)N3C[C@H](O[C@H](C3)C)C)C4=CC(=C(C=C4O)O)C(C)C,CCNC(=O)C1=NOC(=C1C2=CC=C(C=C2)C(C#N)N3CC(OC(C3)C)C)C4=CC(=C(C=C4O)O)C(C)C
163196449,CCNC(=O)C1=NOC(=C1C2=CC=C(C=C2)CN3CCOCC3)C4=C(C=C(C(=C4)C5=CC=C(C=C5)C)O)O,CCNC(=O)C1=NOC(=C1C2=CC=C(C=C2)CN3CCOCC3)C4=C(C=C(C(=C4)C5=CC=C(C=C5)C)O)O
163946015,B([C@H](CC(C)C)NC(=O)[C@H](CC(C)C)NC(=O)C(CC1=CC=CC=C1)NC(=O)C2=NC=CN=C2)(O)O,B(C(CC(C)C)NC(=O)C(CC(C)C)NC(=O)C(CC1=CC=CC=C1)NC(=O)C2=NC=CN=C2)(O)O
21057828,B(C)(C(CC(C)C)NC(=O)C(CC1=CC=CC=C1)NC(=O)C2=NC=CN=C2)O,B(C)(C(CC(C)C)NC(=O)C(CC1=CC=CC=C1)NC(=O)C2=NC=CN=C2)O
89204381,B(C(CC(C)C)ONC(=O)C(CC1=CC=CC=C1)NC(=O)C2=NC=CN=C2)(O)O,B(C(CC(C)C)ONC(=O)C(CC1=CC=CC=C1)NC(=O)C2=NC=CN=C2)(O)O
147725280,B([C@H](CC(C)C)NC(=O)[C@H](CC1=CC=CC=C1)NC(=O)C2=NC=CN=C2)([OH2+])O,B(C(CC(C)C)NC(=O)C(CC1=CC=CC=C1)NC(=O)C2=NC=CN=C2)([OH2+])O
59558316,B([C@H](CC(C)C)NC(=O)[C@](C)(CC1=CC=CC=C1)NC(=O)C2=NC=CN=C2)(O)O,B(C(CC(C)C)NC(=O)C(C)(CC1=CC=CC=C1)NC(=O)C2=NC=CN=C2)(O)O
71047476,CC1=CN=CC(=N1)C(=O)N[C@H](CC2=CC=CC=C2)C(=O)N[C@@H](C)CC(C)C,CC1=CN=CC(=N1)C(=O)NC(CC2=CC=CC=C2)C(=O)NC(C)CC(C)C
46227290,B([C@@H](CC(C)C)NC(=O)[C@H](CC1=CC=CC=C1)NC(=O)[C@H](CC(C)C)NC(=O)C2=NC=CN=C2)(O)O,B(C(CC(C)C)NC(=O)C(CC1=CC=CC=C1)NC(=O)C(CC(C)C)NC(=O)C2=NC=CN=C2)(O)O
73951499,B([C@H](CC1=CC=CC(=C1)C)NC(=O)[C@H](CC2=CC=CC=C2)NC(=O)C3=NC=CN=C3)(O)O,B(C(CC1=CC=CC(=C1)C)NC(=O)C(CC2=CC=CC=C2)NC(=O)C3=NC=CN=C3)(O)O
145262411,CC.CCNC(=O)C(CC1=CC=CC=C1)NC(=O)C2=NC=CN=C2.CC(C)C,CC.CCNC(=O)C(CC1=CC=CC=C1)NC(=O)C2=NC=CN=C2.CC(C)C
68026339,[B](C(CC(C)C)NC(=O)C(CC1=CC=CC=C1)NC(=O)C2=NC=CN=C2)O,[B](C(CC(C)C)NC(=O)C(CC1=CC=CC=C1)NC(=O)C2=NC=CN=C2)O
66589774,CC(C)N1CCN(CC1)C2=CC=C(C=C2)C(=O)NC3=NNC(=C3)CCC4=CC(=CC(=C4)OC)OC,CC(C)N1CCN(CC1)C2=CC=C(C=C2)C(=O)NC3=NNC(=C3)CCC4=CC(=CC(=C4)OC)OC
24962280,COC1=CC(=CC(=C1)CCC2=CC(=NN2)NC(=O)C3=CC=C(C=C3)N4CCN(CC4)C5CC5)OC,COC1=CC(=CC(=C1)CCC2=CC(=NN2)NC(=O)C3=CC=C(C=C3)N4CCN(CC4)C5CC5)OC
142486467,CC1CN(CC(N1)C)C2=CC=C(C=C2)C(=O)NC3=NNC(=C3)CCC4=CC(=CC(=C4)C)OC,CC1CN(CC(N1)C)C2=CC=C(C=C2)C(=O)NC3=NNC(=C3)CCC4=CC(=CC(=C4)C)OC
157471559,CC1CC(CN(C1)C2=CC=C(C=C2)C(=O)NC3=NNC(=C3)CCC4=CC(=CC(=C4)OC)OC)C,CC1CC(CN(C1)C2=CC=C(C=C2)C(=O)NC3=NNC(=C3)CCC4=CC(=CC(=C4)OC)OC)C
69044527,C[N+]1(CCNCC1)C2=CC=CC=C2C(=O)NC3=NNC(=C3)CCC4=CC(=CC(=C4)OC)OC,C[N+]1(CCNCC1)C2=CC=CC=C2C(=O)NC3=NNC(=C3)CCC4=CC(=CC(=C4)OC)OC
157119297,[HH].C[C@@H]1CN(C[C@@H](N1)C)C2=CC=C(C=C2)C(=O)NC3=NNC(=C3)CCC4=CC(=CC(=C4)OC)OC,[HH].CC1CN(CC(N1)C)C2=CC=C(C=C2)C(=O)NC3=NNC(=C3)CCC4=CC(=CC(=C4)OC)OC
66589719,COC1=CC(=CC(=C1)CCC2=CC(=NN2)NC(=O)C3=CC=C(C=C3)N4CCN(CC4)CCO)OC,COC1=CC(=CC(=C1)CCC2=CC(=NN2)NC(=O)C3=CC=C(C=C3)N4CCN(CC4)CCO)OC
51039095,C[C@@H]1CN(C[C@@H](N1)C)C2=CC=C(C=C2)C(=O)NC3=NNC(=C3)CCC4=CC(=CC(=C4)OC)OC,CC1CN(CC(N1)C)C2=CC=C(C=C2)C(=O)NC3=NNC(=C3)CCC4=CC(=CC(=C4)OC)OC
155282476,CCC1=CC(=CC(=C1)OC)CCC2=CC(=NN2)NC(=O)C3=CC=C(C=C3)N4C[C@H](N[C@H](C4)C)C,CCC1=CC(=CC(=C1)OC)CCC2=CC(=NN2)NC(=O)C3=CC=C(C=C3)N4CC(NC(C4)C)C
86972687,CC1=NN(CC1)C2=CC=C(C=C2)C(=O)NC3=NNC(=C3)CCC4=CC(=CC(=C4)OC)OC,CC1=NN(CC1)C2=CC=C(C=C2)C(=O)NC3=NNC(=C3)CCC4=CC(=CC(=C4)OC)OC
16731723,CC1=NC(=CC=C1)C2=C(N=C(N2)NC(=O)C)C3=CC4=C(C=C3)OCO4,CC1=NC(=CC=C1)C2=C(N=C(N2)NC(=O)C)C3=CC4=C(C=C3)OCO4
141137460,CC1=NC(=CC=C1)C2=C(N=C(N2)C3=CC=CC=C3)C4=CC5=C(C=C4)OCO5,CC1=NC(=CC=C1)C2=C(N=C(N2)C3=CC=CC=C3)C4=CC5=C(C=C4)OCO5
16731726,CCC1=NC(=CC=C1)C2=C(N=C(N2)C(OC)OC)C3=CC4=C(C=C3)OCO4,CCC1=NC(=CC=C1)C2=C(N=C(N2)C(OC)OC)C3=CC4=C(C=C3)OCO4
91116966,CC1=NC(=CC=C1)C2=C(N=C(N2)C3CCCCC3)C4=CC5=C(C=C4)OCO5,CC1=NC(=CC=C1)C2=C(N=C(N2)C3CCCCC3)C4=CC5=C(C=C4)OCO5
56924523,CC1=NC(=CC=C1)C2=C(N=C(N2)C(C)(C)C)C3=CC4=C(C=C3)OCO4.O.Cl,CC1=NC(=CC=C1)C2=C(N=C(N2)C(C)(C)C)C3=CC4=C(C=C3)OCO4.O.Cl
138488032,CC1=NC(=CC=C1)C2=C(N=C(N2)C(C)(C)C)C3=C4C(=CC=C3)OCO4.Cl,CC1=NC(=CC=C1)C2=C(N=C(N2)C(C)(C)C)C3=C4C(=CC=C3)OCO4.Cl
70813585,CC1=NC(=CC=C1)C2=C(N=C(N2)C(C)(C)C)C3=C4C(=CC=C3)OCO4,CC1=NC(=CC=C1)C2=C(N=C(N2)C(C)(C)C)C3=C4C(=CC=C3)OCO4
10291404,CC1=NC(=CC=C1)C2=C(N=C(N2)/C=C/C(=O)N)C3=CC4=C(C=C3)OCO4,CC1=NC(=CC=C1)C2=C(N=C(N2)C=CC(=O)N)C3=CC4=C(C=C3)OCO4
16079009,CC1=NC(=CC=C1)C2=C(N=C(N2)C(C)(C)C)C3=CC4=C(C=C3)OCO4.Cl,CC1=NC(=CC=C1)C2=C(N=C(N2)C(C)(C)C)C3=CC4=C(C=C3)OCO4.Cl
59095650,CC1=NC(=CC=C1)C2=C(N=C(N2)C(=O)C)C3=CC4=C(C=C3)OCO4,CC1=NC(=CC=C1)C2=C(N=C(N2)C(=O)C)C3=CC4=C(C=C3)OCO4
71751475,[2H]C([2H])([2H])C(C([2H])([2H])[2H])(C([2H])([2H])[2H])NC(=O)NC1=C(C=C2C=NC(=NC2=N1)NCCCCN(CC)CC)C3=CC(=CC(=C3)OC)OC,CCN(CC)CCCCNC1=NC2=NC(=C(C=C2C=N1)C3=CC(=CC(=C3)OC)OC)NC(=O)NC(C)(C)C
139501792,CCN(CC)CCCCCC1=NC2=NC(=C(C=C2C=N1)C3=CC(=CC(=C3)OC)OC)NC(=O)NC(C)(C)C,CCN(CC)CCCCCC1=NC2=NC(=C(C=C2C=N1)C3=CC(=CC(=C3)OC)OC)NC(=O)NC(C)(C)C
141583379,CNCCCNC1=C(C=C2C=NC(=NC2=N1)N)C3=CC(=CC(=C3)OC)OC,CNCCCNC1=C(C=C2C=NC(=NC2=N1)N)C3=CC(=CC(=C3)OC)OC
86713615,CCN(CC)CCCCN(C1=NC2=NC(=C(C=C2C=N1)C3=CC(=CC(=C3)OC)OC)NC(=O)NC(C)(C)C)C(=O)C=C,CCN(CC)CCCCN(C1=NC2=NC(=C(C=C2C=N1)C3=CC(=CC(=C3)OC)OC)NC(=O)NC(C)(C)C)C(=O)C=C
164788049,CCCCN1CCN(CC1)CCCNC2=NC3=NC(=C(C=C3C=N2)C4=CC(=CC(=C4)OC)OC)NC(=O)NC(C)(C)C,CCCCN1CCN(CC1)CCCNC2=NC3=NC(=C(C=C3C=N2)C4=CC(=CC(=C4)OC)OC)NC(=O)NC(C)(C)C
164788066,CC(C)N1CCN(CC1)CCCNC2=NC3=NC(=C(C=C3C=N2)C4=CC(=CC(=C4)OC)OC)NC(=O)NC(C)(C)C,CC(C)N1CCN(CC1)CCCNC2=NC3=NC(=C(C=C3C=N2)C4=CC(=CC(=C4)OC)OC)NC(=O)NC(C)(C)C
59871637,CNC(=O)NC1=C(C=C2C=NC(=NC2=N1)N(C)C)C3=CC(=CC(=C3)OC)OC,CNC(=O)NC1=C(C=C2C=NC(=NC2=N1)N(C)C)C3=CC(=CC(=C3)OC)OC
5330169,CC(C)(C)NC(=O)NC1=C(C=C2C=NC(=NC2=N1)NCCCO)C3=CC(=CC(=C3)OC)OC,CC(C)(C)NC(=O)NC1=C(C=C2C=NC(=NC2=N1)NCCCO)C3=CC(=CC(=C3)OC)OC
134239953,CCC(CC)CCCCNC1=NC2=NC(=C(C=C2C=N1)C3=CC(=CC(=C3)OC)OC)NC(=O)NC(C)(C)C,CCC(CC)CCCCNC1=NC2=NC(=C(C=C2C=N1)C3=CC(=CC(=C3)OC)OC)NC(=O)NC(C)(C)C
140146597,CC(C)(C)NC(=O)NC1=C(C=C2C=NC(=NC2=N1)NCCCCN(C)C)C3=CC(=CC(=C3)OC)OC,CC(C)(C)NC(=O)NC1=C(C=C2C=NC(=NC2=N1)NCCCCN(C)C)C3=CC(=CC(=C3)OC)OC
134149280,CCCC1=CC(=CC=C1)NC(=O)C2=CC=CC=C2SC3=CC4=C(C=C3)C(=NN4)/C=C/C5=CC=CC=N5,CCCC1=CC(=CC=C1)NC(=O)C2=CC=CC=C2SC3=CC4=C(C=C3)C(=NN4)C=CC5=CC=CC=N5
138968140,CNC(=O)C1=CC=CC=C1SC2=CC3=C(C=C2)NN=C3/C=C\C4=CC=CC=N4,CNC(=O)C1=CC=CC=C1SC2=CC3=C(C=C2)NN=C3C=CC4=CC=CC=N4
90733463,C1=CC=C(C=C1)NC(=O)C2=CC=CC=C2SC3=CC4=C(C=C3)C(=NN4)C=CC5=CC=CC=N5,C1=CC=C(C=C1)NC(=O)C2=CC=CC=C2SC3=CC4=C(C=C3)C(=NN4)C=CC5=CC=CC=N5
134150999,CC1=C(C=C(C=C1)F)NC(=O)C2=CC=CC=C2SC3=CC4=C(C=C3)C(=NN4)/C=C/C5=CC=CC=N5,CC1=C(C=C(C=C1)F)NC(=O)C2=CC=CC=C2SC3=CC4=C(C=C3)C(=NN4)C=CC5=CC=CC=N5
134137011,CC(=O)NC1=CC(=CC=C1)NC(=O)C2=CC=CC=C2SC3=CC4=C(C=C3)C(=NN4)/C=C/C5=CC=CC=N5,CC(=O)NC1=CC(=CC=C1)NC(=O)C2=CC=CC=C2SC3=CC4=C(C=C3)C(=NN4)C=CC5=CC=CC=N5
22978316,CN(C(=O)C1=CC=CC=C1SC2=CC3=C(C=C2)C(=NN3)/C=C/C4=CC=CC=N4)O,CN(C(=O)C1=CC=CC=C1SC2=CC3=C(C=C2)C(=NN3)C=CC4=CC=CC=N4)O
143224184,CC1=C2C=CC(=CC2=NN1)SC3=CC=CC=C3C(=O)NC.C=CC1=CC=CC=N1,CC1=C2C=CC(=CC2=NN1)SC3=CC=CC=C3C(=O)NC.C=CC1=CC=CC=N1
134145821,CSCCNC(=O)C1=CC=CC=C1SC2=CC3=C(C=C2)C(=NN3)/C=C/C4=CC=CC=N4,CSCCNC(=O)C1=CC=CC=C1SC2=CC3=C(C=C2)C(=NN3)C=CC4=CC=CC=N4
135880007,[2H]/C(=C(/[2H])\C1=C2C=CC(=CC2=NN1)SC3=CC=CC=C3C(=O)NC)/C4=CC=CC=N4,CNC(=O)C1=CC=CC=C1SC2=CC3=NNC(=C3C=C2)C=CC4=CC=CC=N4
134142168,CN(C)C1=CC=C(C=C1)NC(=O)C2=CC=CC=C2SC3=CC4=C(C=C3)C(=NN4)/C=C/C5=CC=CC=N5,CN(C)C1=CC=C(C=C1)NC(=O)C2=CC=CC=C2SC3=CC4=C(C=C3)C(=NN4)C=CC5=CC=CC=N5
42634614,[2H]C1CN(CC(N1C2=NC(=NC(=C2)NC3=NC=C(S3)C(=O)NC4=C(C=CC=C4Cl)C([2H])([2H])[2H])C)([2H])[2H])CC([2H])([2H])O,CC1=C(C(=CC=C1)Cl)NC(=O)C2=CN=C(S2)NC3=CC(=NC(=N3)C)N4CCN(CC4)CCO
147616224,CCC1=NC(=CC(=N1)N2CCN(CC2)CCO)NC3=NC=C(S3)C(=O)NC4=C(C=CC=C4Cl)CN=C,CCC1=NC(=CC(=N1)N2CCN(CC2)CCO)NC3=NC=C(S3)C(=O)NC4=C(C=CC=C4Cl)CN=C
166780801,CC1=C(C(=CC=C1)Cl)NC(=O)C2=CN=C(S2)NC3=CC(=NC(=N3)C)N4CCN(CC4)CCC=O,CC1=C(C(=CC=C1)Cl)NC(=O)C2=CN=C(S2)NC3=CC(=NC(=N3)C)N4CCN(CC4)CCC=O
44608098,B(CN1CCN(CC1)C2=NC(=NC(=C2)NC3=NC=C(S3)C(=O)NC4=C(C=CC=C4Cl)C)C)(O)O,B(CN1CCN(CC1)C2=NC(=NC(=C2)NC3=NC=C(S3)C(=O)NC4=C(C=CC=C4Cl)C)C)(O)O
88570532,CC1=C(C(=CC=C1)Cl)NC(=O)C2=CN=C(S2)NC3=CC(=NC(=N3)C)N4CCN(CC4)CCOOC(C)O,CC1=C(C(=CC=C1)Cl)NC(=O)C2=CN=C(S2)NC3=CC(=NC(=N3)C)N4CCN(CC4)CCOOC(C)O
42634977,[2H]C1(C(N(C(C(N1CC([2H])([2H])O)([2H])[2H])([2H])[2H])C2=NC(=NC(=C2)NC3=NC=C(S3)C(=O)NC4=C(C=CC=C4Cl)C([2H])([2H])[2H])C)([2H])[2H])[2H],CC1=C(C(=CC=C1)Cl)NC(=O)C2=CN=C(S2)NC3=CC(=NC(=N3)C)N4CCN(CC4)CCO
16223316,CC1=C(C(=CC=C1)Cl)NC(=O)C2=CN=C(S2)NC3=CC(=NC(=N3)C)N4CCN(CC4)CCO.CS(=O)(=O)O,CC1=C(C(=CC=C1)Cl)NC(=O)C2=CN=C(S2)NC3=CC(=NC(=N3)C)N4CCN(CC4)CCO.CS(=O)(=O)O
87690549,CC1=C(C(=CC=C1)Cl)NC(=O)C2=CN=C(S2)NC3=CC(=NC(=N3)S(=O)(=O)C)N4CCN(CC4)CCO,CC1=C(C(=CC=C1)Cl)NC(=O)C2=CN=C(S2)NC3=CC(=NC(=N3)S(=O)(=O)C)N4CCN(CC4)CCO
123150549,CC1=C(C(=CC=C1)Cl)NC(=O)C2=CN=C(S2)NC3=CC(=NC(=N3)C)N4CCN(CC4)CCON(C)C,CC1=C(C(=CC=C1)Cl)NC(=O)C2=CN=C(S2)NC3=CC(=NC(=N3)C)N4CCN(CC4)CCON(C)C
11466607,CC1=C(C(=CC=C1)Cl)NC(=O)C2=CN=C(S2)NC3=CC(=NC(=N3)C)N4CCN(CC4)CCO.Cl,CC1=C(C(=CC=C1)Cl)NC(=O)C2=CN=C(S2)NC3=CC(=NC(=N3)C)N4CCN(CC4)CCO.Cl
91971527,C[C@H](C1=C(C=CC(=C1Cl)F)Cl)OC2=C(N=CC(=C2)C3=NN(C=C3)C4CCNC(=O)C4)N.Cl,CC(C1=C(C=CC(=C1Cl)F)Cl)OC2=C(N=CC(=C2)C3=NN(C=C3)C4CCNC(=O)C4)N.Cl
117703159,CCNC1=C(C=C(C=N1)C2=CN(N=C2)C3CCN(CC3)C(=O)OC(C)(C)C)OCCC4=C(C=CC(=C4Cl)F)Cl,CCNC1=C(C=C(C=N1)C2=CN(N=C2)C3CCN(CC3)C(=O)OC(C)(C)C)OCCC4=C(C=CC(=C4Cl)F)Cl
163699069,C[C@H](C1=C(C=CC(=C1Cl)F)Cl)OC2=C(N=CC(=C2)C3=CN(N=C3)C4CCNC[C@@H]4O)N,CC(C1=C(C=CC(=C1Cl)F)Cl)OC2=C(N=CC(=C2)C3=CN(N=C3)C4CCNCC4O)N
86269385,C[C@H](C1=C(C=CC(=C1Cl)F)Cl)OC2=C(N=CC(=C2)C3=CN(N=C3)C4CCN(CC4)C(=O)/C=C/CN(C)C)N,CC(C1=C(C=CC(=C1Cl)F)Cl)OC2=C(N=CC(=C2)C3=CN(N=C3)C4CCN(CC4)C(=O)C=CCN(C)C)N
123885586,CCOC1=C(N=CC(=C1)C2=CC(=C(N=C2)N)OC(C)C3=C(C=CC(=C3Cl)F)Cl)C4=CCNCC4,CCOC1=C(N=CC(=C1)C2=CC(=C(N=C2)N)OC(C)C3=C(C=CC(=C3Cl)F)Cl)C4=CCNCC4
78160488,CC(C1=C(C=CC(=C1Cl)F)Cl)OC2=C(N=CC(=C2)C3=CN(N=C3)C4CC5CNCC5NC4)N,CC(C1=C(C=CC(=C1Cl)F)Cl)OC2=C(N=CC(=C2)C3=CN(N=C3)C4CC5CNCC5NC4)N
58659200,CC(C1=C(C=CC(=C1Cl)F)Cl)OC2=C(N=CC(=C2)C3=CN(N=C3)C4CC5CCCC(C4)N5C)N,CC(C1=C(C=CC(=C1Cl)F)Cl)OC2=C(N=CC(=C2)C3=CN(N=C3)C4CC5CCCC(C4)N5C)N
73389213,C[C@@H](C1=C(C=CC(=C1Cl)F)Cl)OC2=C(N=CC(=C2)C3=NN(C=C3)C4CCNCC4)N,CC(C1=C(C=CC(=C1Cl)F)Cl)OC2=C(N=CC(=C2)C3=NN(C=C3)C4CCNCC4)N
77844547,[2H]C1(CC(CC(N1)([2H])[2H])N2C=C(C=N2)C3=CC(=C(N=C3)N)OC(C4=C(C=CC(=C4Cl)F)Cl)C(F)F)[2H],C1CNCCC1N2C=C(C=N2)C3=CC(=C(N=C3)N)OC(C4=C(C=CC(=C4Cl)F)Cl)C(F)F
118518428,C[C@@H](C1=C(C=CC(=C1Cl)F)Cl)OC2=C(N=CC(=C2)C3=CN(N=C3)C4CC5(C4)CCN(CC5)C(=O)OC(C)(C)C)N,CC(C1=C(C=CC(=C1Cl)F)Cl)OC2=C(N=CC(=C2)C3=CN(N=C3)C4CC5(C4)CCN(CC5)C(=O)OC(C)(C)C)N
66678555,C1CC2=C(C(=NN2C1)C3=CC=CC=N3)C4=C5C=C(C=CC5=NC=C4)C(=O)N,C1CC2=C(C(=NN2C1)C3=CC=CC=N3)C4=C5C=C(C=CC5=NC=C4)C(=O)N
139270770,CC1=[N+](C(=CC=C1)C2=NN3CCCC3=C2C4=C5C=C(C=CC5=NC=C4)C(=O)N)[O-],CC1=[N+](C(=CC=C1)C2=NN3CCCC3=C2C4=C5C=C(C=CC5=NC=C4)C(=O)N)[O-]
46907143,CC1=NC(=CC=C1)C2=NN(C=C2C3=CC4=C(C=C3)N=CC=C4)CC5=CC(=CC=C5)C(=O)N,CC1=NC(=CC=C1)C2=NN(C=C2C3=CC4=C(C=C3)N=CC=C4)CC5=CC(=CC=C5)C(=O)N
163250643,CC1=NC(=CC=C1)C2=NN3CCCC3=C2C4=CC5=CC(=CN=C5C=C4)C(=O)NCCN,CC1=NC(=CC=C1)C2=NN3CCCC3=C2C4=CC5=CC(=CN=C5C=C4)C(=O)NCCN
10090485,CC1=NC(=CC=C1)C2=NN3CCCC3=C2C4=C5C=C(C=CC5=NC=C4)C(=O)N,CC1=NC(=CC=C1)C2=NN3CCCC3=C2C4=C5C=C(C=CC5=NC=C4)C(=O)N
21992723,CN(C)CCNC(=O)C1=CC2=C(C=CN=C2C=C1)C3=C4CCCN4N=C3C5=CC=CC=N5,CN(C)CCNC(=O)C1=CC2=C(C=CN=C2C=C1)C3=C4CCCN4N=C3C5=CC=CC=N5
160346059,CC1=CC(=CC=C1)C2=NN3CCCC3=C2C4=C5C=C(C=CC5=NC=C4)C(=O)N.O,CC1=CC(=CC=C1)C2=NN3CCCC3=C2C4=C5C=C(C=CC5=NC=C4)C(=O)N.O
146389793,CC1=NC(=CC=C1)C2=NN(C(=C2C3=CC4=C(C=CN=C4C=C3)C(=O)N)C)C,CC1=NC(=CC=C1)C2=NN(C(=C2C3=CC4=C(C=CN=C4C=C3)C(=O)N)C)C
53487986,CC1=NC(=CC=C1)C2=NN3CCCC3=C2C4=C5C=C(C=CC5=NC=C4)C(=O)NC,CC1=NC(=CC=C1)C2=NN3CCCC3=C2C4=C5C=C(C=CC5=NC=C4)C(=O)NC
9969387,C1CC2=C(C(=NN2C1)C3=CC=CC=N3)C4=C5C=C(C=CC5=NC=C4)C(=O)NN,C1CC2=C(C(=NN2C1)C3=CC=CC=N3)C4=C5C=C(C=CC5=NC=C4)C(=O)NN
176158,CN1C=C(C2=CC=CC=C21)C3=C(C(=O)NC3=O)C4=C(C=C(C=C4)Cl)Cl,CN1C=C(C2=CC=CC=C21)C3=C(C(=O)NC3=O)C4=C(C=C(C=C4)Cl)Cl
5327701,CN1C=C(C2=CC=CC=C21)C3=C(C(=O)NC3=O)C4=CC=C(C=C4)Cl,CN1C=C(C2=CC=CC=C21)C3=C(C(=O)NC3=O)C4=CC=C(C=C4)Cl
5327715,CN1C=C(C2=CC=CC=C21)C3=C(C(=O)NC3=O)C4=CC=CC=C4Cl,CN1C=C(C2=CC=CC=C21)C3=C(C(=O)NC3=O)C4=CC=CC=C4Cl
5327720,CN1C=C(C2=CC=CC=C21)C3=C(C(=O)NC3=O)C4=C(C=CC=C4Cl)Cl,CN1C=C(C2=CC=CC=C21)C3=C(C(=O)NC3=O)C4=C(C=CC=C4Cl)Cl
5327721,CN1C=C(C2=CC=CC=C21)C3=C(C(=O)NC3=O)C4=CC(=CC(=C4)Cl)Cl,CN1C=C(C2=CC=CC=C21)C3=C(C(=O)NC3=O)C4=CC(=CC(=C4)Cl)Cl
45269642,CN1C=C(C2=CC=CC=C21)C3=C(C(=O)NC3=O)C4=C(C=CC(=C4)Cl)Cl,CN1C=C(C2=CC=CC=C21)C3=C(C(=O)NC3=O)C4=C(C=CC(=C4)Cl)Cl
50942121,[11CH3]N1C=C(C2=CC=CC=C21)C3=C(C(=O)NC3=O)C4=C(C=C(C=C4)Cl)Cl,CN1C=C(C2=CC=CC=C21)C3=C(C(=O)NC3=O)C4=C(C=C(C=C4)Cl)Cl
117908213,C1=CC=C2C(=C1)C(=CN2)C3=C(C(=O)NC3=O)C4=C(C=C(C=C4)Cl)Cl,C1=CC=C2C(=C1)C(=CN2)C3=C(C(=O)NC3=O)C4=C(C=C(C=C4)Cl)Cl
154025942,C1=CC=C2C(=C1)C(=CN2CCF)C3=C(C(=O)NC3=O)C4=C(C=C(C=C4)Cl)Cl,C1=CC=C2C(=C1)C(=CN2CCF)C3=C(C(=O)NC3=O)C4=C(C=C(C=C4)Cl)Cl
46927133,CC1=NC=CC(=C1)C2=NC=C(C=C2)CC(=O)NC3=NC=C(C=C3)C4=NC=CN=C4,CC1=NC=CC(=C1)C2=NC=C(C=C2)CC(=O)NC3=NC=C(C=C3)C4=NC=CN=C4
46927131,CC1=CC(=CN=C1C2=CC(=NC=C2)C)CC(=O)NC3=NC=C(C=C3)C4=CC=CC=N4,CC1=CC(=CN=C1C2=CC(=NC=C2)C)CC(=O)NC3=NC=C(C=C3)C4=CC=CC=N4
155928656,CC1=CC(=CN=C1C2=CC(=NC=C2)C)CC(=O)NC3=NC=C(C=C3)C4=NC=CN=C4.Cl.Cl,CC1=CC(=CN=C1C2=CC(=NC=C2)C)CC(=O)NC3=NC=C(C=C3)C4=NC=CN=C4.Cl.Cl
46927437,CC1=CC(=CN=C1C2=CC(=NC=C2)C(F)(F)F)CC(=O)NC3=NC=C(C=C3)C4=NC=CN=C4,CC1=CC(=CN=C1C2=CC(=NC=C2)C(F)(F)F)CC(=O)NC3=NC=C(C=C3)C4=NC=CN=C4
46927364,CC1=CC(=CN=C1C2=CC(=NC=C2)F)CC(=O)NC3=NC=C(C=C3)C4=NC=CN=C4,CC1=CC(=CN=C1C2=CC(=NC=C2)F)CC(=O)NC3=NC=C(C=C3)C4=NC=CN=C4
139334511,CC1C(C(=NC=C1CC(=O)NC2=NC=C(C=C2)C3=NC=CN=C3)C4=CC(=NC=C4)C)C,CC1C(C(=NC=C1CC(=O)NC2=NC=C(C=C2)C3=NC=CN=C3)C4=CC(=NC=C4)C)C
46926973,CC1=CC(=CN=C1C2=CC(=NC=C2)C)CC(=O)NC3=NC=C(C=C3)C4=NC=CN=C4,CC1=CC(=CN=C1C2=CC(=NC=C2)C)CC(=O)NC3=NC=C(C=C3)C4=NC=CN=C4
58447718,CCC(=O)N1CCN(CC1)C2=CN=C(C=C2)NC(=O)CC3=CN=C(C(=C3)C)C4=CC(=NC=C4)C,CCC(=O)N1CCN(CC1)C2=CN=C(C=C2)NC(=O)CC3=CN=C(C(=C3)C)C4=CC(=NC=C4)C
118021026,CC1=C(C=CC(=N1)C2=CN=NC=C2)CC(=O)NC3=NC=C(C=C3)C4=NC=CN=C4,CC1=C(C=CC(=N1)C2=CN=NC=C2)CC(=O)NC3=NC=C(C=C3)C4=NC=CN=C4
58447803,CC1=CC(=CN=C1C2=CC=NC=C2)CC(=O)NC3=NC=C(C=C3)C4=CC=CC=N4,CC1=CC(=CN=C1C2=CC=NC=C2)CC(=O)NC3=NC=C(C=C3)C4=CC=CC=N4
68043163,CC(C)OC1=C(C=CC(=C1)OC)C2=N[C@H]([C@H](N2C(=O)N3CCNC(=O)C3)C4=CC=C(C=C4)OC)C5=CC=C(C=C5)Cl,CC(C)OC1=C(C=CC(=C1)OC)C2=NC(C(N2C(=O)N3CCNC(=O)C3)C4=CC=C(C=C4)OC)C5=CC=C(C=C5)Cl
57402034,CC(C)OC1=C(C=CC(=C1)OC)C2=N[C@@H]([C@@H](N2C(=O)NCC(=O)N3CCOCC3)C4=CC=C(C=C4)Cl)C5=CC=C(C=C5)Cl,CC(C)OC1=C(C=CC(=C1)OC)C2=NC(C(N2C(=O)NCC(=O)N3CCOCC3)C4=CC=C(C=C4)Cl)C5=CC=C(C=C5)Cl
22721057,CCCOC1=C(C=CC(=C1)OC)C2=NC(C(N2C(=O)N3CCNCC3)C4=CC=C(C=C4)Cl)C5=CC=C(C=C5)Cl,CCCOC1=C(C=CC(=C1)OC)C2=NC(C(N2C(=O)N3CCNCC3)C4=CC=C(C=C4)Cl)C5=CC=C(C=C5)Cl
66978966,CC(C)OC1=C(C=CC(=C1)OC)C2=NC(C(N2C(=O)NCCN3CCOCC3)C4=CC=C(C=C4)Cl)C5=CC=C(C=C5)Cl.Cl,CC(C)OC1=C(C=CC(=C1)OC)C2=NC(C(N2C(=O)NCCN3CCOCC3)C4=CC=C(C=C4)Cl)C5=CC=C(C=C5)Cl.Cl
118880882,CC(C)OC1=C(C=CC(=C1)OC)C2=N[C@@H]([C@@H](N2C(=O)N3CCNC(=O)C3)C4=CC=C(C=C4)Cl)C5=CC=CC=C5Cl,CC(C)OC1=C(C=CC(=C1)OC)C2=NC(C(N2C(=O)N3CCNC(=O)C3)C4=CC=C(C=C4)Cl)C5=CC=CC=C5Cl
118880868,CC(C)OC1=C(C=CC(=C1)OC)C2=NC(C(N2C(=O)N3CCNC(=O)C3)C4=CC=C(C=C4)Cl)C5=CC(=CC=C5)F,CC(C)OC1=C(C=CC(=C1)OC)C2=NC(C(N2C(=O)N3CCNC(=O)C3)C4=CC=C(C=C4)Cl)C5=CC(=CC=C5)F
118880867,CC(C)OC1=C(C=CC(=C1)OC)C2=NC(C(N2C(=O)N3CCNC(=O)C3)C4=CC=C(C=C4)Cl)C5=CC(=CC=C5)OC,CC(C)OC1=C(C=CC(=C1)OC)C2=NC(C(N2C(=O)N3CCNC(=O)C3)C4=CC=C(C=C4)Cl)C5=CC(=CC=C5)OC
86272672,CC(C)OC1=C(C=CC(=C1)OC)C2=N[C@H]([C@H](N2C(=O)N3CCNC(=O)C3)C4=CC(=C(C=C4)Cl)Cl)C5=CC(=C(C=C5)Cl)Cl,CC(C)OC1=C(C=CC(=C1)OC)C2=NC(C(N2C(=O)N3CCNC(=O)C3)C4=CC(=C(C=C4)Cl)Cl)C5=CC(=C(C=C5)Cl)Cl
22721056,CC(C)OC1=C(C=CC(=C1)OC)C2=NC(C(N2C(=O)N3CCNCC3)C4=CC=C(C=C4)Cl)C5=CC=C(C=C5)Cl,CC(C)OC1=C(C=CC(=C1)OC)C2=NC(C(N2C(=O)N3CCNCC3)C4=CC=C(C=C4)Cl)C5=CC=C(C=C5)Cl
57391563,CC(C)OC1=C(C=CC(=C1)OC)C2=N[C@@H]([C@@H](N2C(=O)NCC(=O)N3CCCC3)C4=CC=C(C=C4)Cl)C5=CC=C(C=C5)Cl,CC(C)OC1=C(C=CC(=C1)OC)C2=NC(C(N2C(=O)NCC(=O)N3CCCC3)C4=CC=C(C=C4)Cl)C5=CC=C(C=C5)Cl
